[{"model": "auth.group", "pk": 1, "fields": {"name": "Administrador", "permissions": []}}, {"model": "auth.group", "pk": 2, "fields": {"name": "Logistica", "permissions": []}}, {"model": "auth.group", "pk": 3, "fields": {"name": "Solo_Lectura", "permissions": []}}, {"model": "core.customuser", "pk": 1, "fields": {"password": "pbkdf2_sha256$1000000$5M5pdIzun1xg9vkFkazqP8$hgzfQgtfN/Kk1/loNBuELGVgmBCJIYVA6b4a0KAU5w0=", "last_login": "2026-04-10T11:37:49.174Z", "is_superuser": true, "username": "admin", "first_name": "", "last_name": "", "email": "admin@example.com", "is_staff": true, "is_active": true, "date_joined": "2026-02-24T19:10:24.316Z", "unit": null, "groups": [], "user_permissions": []}}, {"model": "core.customuser", "pk": 2, "fields": {"password": "pbkdf2_sha256$1200000$ITwfrQacdVdtmFZxI6Dioi$hXsdvOYYSiQYOfqqcm851UJ/1erusamkb0fLYHovW3g=", "last_login": null, "is_superuser": false, "username": "admin_test", "first_name": "", "last_name": "", "email": "a@a.com", "is_staff": false, "is_active": true, "date_joined": "2026-02-24T20:17:30.062Z", "unit": null, "groups": [1], "user_permissions": []}}, {"model": "core.customuser", "pk": 3, "fields": {"password": "pbkdf2_sha256$1200000$eQTkRau9XK96JxdH1rxKhJ$Xl8SLJL70XbDBVQsQ6WA287N4qq8axIZv4iCCa4zPUE=", "last_login": "2026-02-24T20:19:18.511Z", "is_superuser": false, "username": "log_test", "first_name": "", "last_name": "", "email": "", "is_staff": false, "is_active": true, "date_joined": "2026-02-24T20:17:30.788Z", "unit": null, "groups": [2], "user_permissions": []}}, {"model": "core.customuser", "pk": 4, "fields": {"password": "pbkdf2_sha256$1200000$8kjPtNczNK3CdvoI8bo9Me$BQ2s5VFKMkZVcaNU/jFKvbGXuMoRwTtboCQ2i2TQ9y8=", "last_login": "2026-02-24T20:17:53.758Z", "is_superuser": false, "username": "read_test", "first_name": "", "last_name": "", "email": "", "is_staff": false, "is_active": true, "date_joined": "2026-02-24T20:17:31.420Z", "unit": null, "groups": [3], "user_permissions": []}}, {"model": "core.customuser", "pk": 5, "fields": {"password": "!mkUK0GjL3qxiP0GWLthScl2fCuEfSmA7kn2aI0gV", "last_login": null, "is_superuser": true, "username": "admin2", "first_name": "", "last_name": "", "email": "admin2@test.com", "is_staff": true, "is_active": true, "date_joined": "2026-03-10T15:16:15.682Z", "unit": null, "groups": [], "user_permissions": []}}, {"model": "core.customuser", "pk": 6, "fields": {"password": "pbkdf2_sha256$1000000$LcVrYShh2056ctXU68HdFo$+HwoWe55zhrYWBSPCPjzAapIUm2qvgW44Tyz9dxQVKY=", "last_login": "2026-04-09T19:06:44.954Z", "is_superuser": false, "username": "usuario_EAH2", "first_name": "", "last_name": "", "email": "", "is_staff": false, "is_active": true, "date_joined": "2026-03-10T15:16:39.829Z", "unit": 1, "groups": [], "user_permissions": []}}, {"model": "core.customuser", "pk": 7, "fields": {"password": "pbkdf2_sha256$1000000$hZIhvs1jep2sr24sRepfUW$AbX/KdYlJVUza8DEiplhSkUS8k3vE+kqczDAg3Z7J/4=", "last_login": "2026-03-15T22:56:45.040Z", "is_superuser": false, "username": "usuario_EA1V", "first_name": "", "last_name": "", "email": "", "is_staff": false, "is_active": true, "date_joined": "2026-03-10T15:24:01Z", "unit": 5, "groups": [], "user_permissions": []}}, {"model": "core.customuser", "pk": 8, "fields": {"password": "pbkdf2_sha256$1000000$6YRJglwRInq4jGEiElD71Z$KrrUqSrMM7rfh5KOeCe0eJfOSpPl8ubEpCdL0VIyFvk=", "last_login": "2026-04-02T01:05:18.380Z", "is_superuser": false, "username": "usuario_EAH1", "first_name": "", "last_name": "", "email": "", "is_staff": false, "is_active": true, "date_joined": "2026-03-10T19:48:54.406Z", "unit": 3, "groups": [], "user_permissions": []}}, {"model": "core.customuser", "pk": 9, "fields": {"password": "pbkdf2_sha256$1000000$Td93f7IN5uumlZyPpLj73l$dmrzTgmucjzdLy8poP4uq/WvBMAmzwa3rB/bX8MReoM=", "last_login": null, "is_superuser": false, "username": "usuario_EA32", "first_name": "", "last_name": "", "email": "", "is_staff": false, "is_active": true, "date_joined": "2026-03-10T19:50:49.775Z", "unit": 2, "groups": [], "user_permissions": []}}, {"model": "core.customuser", "pk": 10, "fields": {"password": "pbkdf2_sha256$1000000$qfRWaGUreVaxPgNM2RFlWp$o/265Z9rtk9obIaGBFZuY1MlhDGOYNMVfPrKdINQxcA=", "last_login": "2026-04-09T12:51:49.556Z", "is_superuser": false, "username": "usuario_ESAN", "first_name": "", "last_name": "", "email": "", "is_staff": false, "is_active": true, "date_joined": "2026-03-10T19:52:12.591Z", "unit": 4, "groups": [], "user_permissions": []}}, {"model": "core.customuser", "pk": 11, "fields": {"password": "pbkdf2_sha256$1000000$zwUXR5z2spVOjguaLrD49h$+Yyc3qzPkk2LE6YXJ9Yhka1SIdtD8a6kQeWu84+0x3I=", "last_login": null, "is_superuser": false, "username": "usuario_EA6E", "first_name": "", "last_name": "", "email": "", "is_staff": false, "is_active": true, "date_joined": "2026-03-10T19:52:44.954Z", "unit": 6, "groups": [], "user_permissions": []}}, {"model": "core.customuser", "pk": 12, "fields": {"password": "pbkdf2_sha256$1000000$yTRgN8iy9GS6bYGU9We0o7$NYFNAPISlcJX+0+Ckim78lIGcak+DAtuVOW4TR70b2w=", "last_login": null, "is_superuser": false, "username": "usuario_TVAZ", "first_name": "", "last_name": "", "email": "", "is_staff": false, "is_active": true, "date_joined": "2026-03-10T19:54:06.036Z", "unit": 8, "groups": [], "user_permissions": []}}, {"model": "core.customuser", "pk": 13, "fields": {"password": "pbkdf2_sha256$1000000$f4tcXJPk8lCQm0Da6MMwdK$6eCAfLixLovNkB7wZ2JR8a72R+A7bCp3f39ePmybHKs=", "last_login": "2026-03-10T19:54:56.995Z", "is_superuser": false, "username": "usuario_TVPI", "first_name": "", "last_name": "", "email": "", "is_staff": false, "is_active": true, "date_joined": "2026-03-10T19:54:33.801Z", "unit": 7, "groups": [], "user_permissions": []}}, {"model": "core.unit", "pk": 1, "fields": {"name": "EAH2", "description": "SEGUNDA ESCUADRILLA AERONAVAL DE HELICOPTEROS"}}, {"model": "core.unit", "pk": 2, "fields": {"name": "EA32", "description": "SEGUNDA ESCUADRILLA DE CAZA Y ATAQUE"}}, {"model": "core.unit", "pk": 3, "fields": {"name": "EAH1", "description": "PRIMERA ESCUADRILLA AERONAVAL DE HELICOPTEROS"}}, {"model": "core.unit", "pk": 4, "fields": {"name": "ESAN", "description": "ESCUELA DE AVIACIÓN NAVAL"}}, {"model": "core.unit", "pk": 5, "fields": {"name": "EA1V", "description": "ESCUADRILLA AERONAVAL DE VIGILANCIA MARITIMA"}}, {"model": "core.unit", "pk": 6, "fields": {"name": "EA6E", "description": "ESCUADRILLA AERONAVAL DE EXPLORACION"}}, {"model": "core.unit", "pk": 7, "fields": {"name": "TVPI", "description": "TALLER AERONAVAL PUNTA INDIO"}}, {"model": "core.unit", "pk": 8, "fields": {"name": "TVAZ", "description": "TALLER AERONAVAL ALMIRANTE ZAR"}}, {"model": "core.unit", "pk": 9, "fields": {"name": "EA2S", "description": "ESCUADRILLA AERONAVAL ANTISUBMARINA"}}, {"model": "core.measurementunit", "pk": 1, "fields": {"name": "Kg"}}, {"model": "core.measurementunit", "pk": 2, "fields": {"name": "Lts"}}, {"model": "core.measurementunit", "pk": 3, "fields": {"name": "Gal"}}, {"model": "core.measurementunit", "pk": 4, "fields": {"name": "Oz"}}, {"model": "core.aircraftmodel", "pk": 1, "fields": {"name": "SEA KING UH3H", "unit": 1, "total_aircraft": 2, "is_active": true}}, {"model": "core.aircraftmodel", "pk": 2, "fields": {"name": "SUPER ETENDARD", "unit": 2, "total_aircraft": 10, "is_active": false}}, {"model": "core.aircraftmodel", "pk": 3, "fields": {"name": "SUPER ETENDARD SEM", "unit": 2, "total_aircraft": 4, "is_active": false}}, {"model": "core.aircraftmodel", "pk": 4, "fields": {"name": "FENNEC AS 555", "unit": 3, "total_aircraft": 1, "is_active": true}}, {"model": "core.aircraftmodel", "pk": 5, "fields": {"name": "SEA KING PH-3", "unit": 1, "total_aircraft": 2, "is_active": false}}, {"model": "core.aircraftmodel", "pk": 6, "fields": {"name": "SEA KING SH3H", "unit": 1, "total_aircraft": 2, "is_active": true}}, {"model": "core.aircraftmodel", "pk": 7, "fields": {"name": "B-200", "unit": 5, "total_aircraft": 2, "is_active": true}}, {"model": "core.aircraftmodel", "pk": 8, "fields": {"name": "T-34 TURBO MENTOR", "unit": 4, "total_aircraft": 4, "is_active": true}}, {"model": "core.aircraftmodel", "pk": 9, "fields": {"name": "P-3 ORION", "unit": 6, "total_aircraft": 2, "is_active": true}}, {"model": "core.aircraftmodel", "pk": 10, "fields": {"name": "S2T TURBO TRACKER", "unit": 9, "total_aircraft": 1, "is_active": false}}, {"model": "core.greasetype", "pk": 23, "fields": {"unidad": "Lts", "nomenclatura": "ACEITE TURBONYCOIL 13B", "nne_nsn": "9150293062006", "sibys": "256071040040", "nato": "O-150", "normas_mil_otras": "AIR-3514/A", "shelf_life_months": 48, "recertification_allowed": true, "minimum_stock": "0.00"}}, {"model": "core.greasetype", "pk": 24, "fields": {"unidad": "Lts", "nomenclatura": "AEROLUBRICANTE 1003", "nne_nsn": "9150293063512", "sibys": "256071040181", "nato": "O-135", "normas_mil_otras": "NO POSEE", "shelf_life_months": 48, "recertification_allowed": true, "minimum_stock": "0.00"}}, {"model": "core.greasetype", "pk": 25, "fields": {"unidad": "Lts", "nomenclatura": "AEROSHELL 500", "nne_nsn": "9150293024059", "sibys": "256071040043", "nato": "O-156", "normas_mil_otras": "MIL-PRF-23699 G", "shelf_life_months": 48, "recertification_allowed": true, "minimum_stock": "0.00"}}, {"model": "core.greasetype", "pk": 26, "fields": {"unidad": "Kg", "nomenclatura": "AEROGRASA 1006 A", "nne_nsn": "9150293023213", "sibys": "256020610021", "nato": "G-382", "normas_mil_otras": "MIL-PRF-24139A", "shelf_life_months": 48, "recertification_allowed": true, "minimum_stock": "0.00"}}, {"model": "core.greasetype", "pk": 27, "fields": {"unidad": "Kg", "nomenclatura": "AEROGRASA 1006", "nne_nsn": "9150293023213", "sibys": "256020610021", "nato": "G-382", "normas_mil_otras": "MIL-PRF-24139B", "shelf_life_months": 48, "recertification_allowed": true, "minimum_stock": "0.00"}}, {"model": "core.greasetype", "pk": 28, "fields": {"unidad": "Kg", "nomenclatura": "AEROGRASA 1005", "nne_nsn": "9150293063508", "sibys": "256071040029", "nato": "G-359", "normas_mil_otras": "MIL-G-3545C", "shelf_life_months": 48, "recertification_allowed": true, "minimum_stock": "0.00"}}, {"model": "core.greasetype", "pk": 29, "fields": {"unidad": "Kg", "nomenclatura": "AEROGRASA 1007 TIPO II", "nne_nsn": "NO POSEE", "sibys": "NO POSEE", "nato": "G-354", "normas_mil_otras": "MIL-G-23827C", "shelf_life_months": 48, "recertification_allowed": true, "minimum_stock": "0.00"}}, {"model": "core.greasetype", "pk": 30, "fields": {"unidad": "Kg", "nomenclatura": "NICO GREASE GN 148 TIPO I", "nne_nsn": "9150293023230", "sibys": "256016240020", "nato": "G-354", "normas_mil_otras": "MIL-G-23827C", "shelf_life_months": 48, "recertification_allowed": true, "minimum_stock": "0.00"}}, {"model": "core.greasetype", "pk": 31, "fields": {"unidad": "Kg", "nomenclatura": "MOBILGREASE 28", "nne_nsn": "9150293085044", "sibys": "256020610012", "nato": "G-395", "normas_mil_otras": "MIL-G-81322G", "shelf_life_months": 48, "recertification_allowed": true, "minimum_stock": "0.00"}}, {"model": "core.greasetype", "pk": 32, "fields": {"unidad": "Lts", "nomenclatura": "AEROCOMPUESTO 1001 A", "nne_nsn": "8030291899798", "sibys": "256071040128", "nato": "C-629", "normas_mil_otras": "MIL-C-16173E", "shelf_life_months": 48, "recertification_allowed": true, "minimum_stock": "0.00"}}, {"model": "core.greasetype", "pk": 33, "fields": {"unidad": "Lts", "nomenclatura": "AEROFLUIDO 1041", "nne_nsn": "9150293064539", "sibys": "256071080006", "nato": "H-515", "normas_mil_otras": "MIL-PRF-5606 J", "shelf_life_months": 48, "recertification_allowed": true, "minimum_stock": "0.00"}}, {"model": "core.greasetype", "pk": 34, "fields": {"unidad": "Kg", "nomenclatura": "GRASA LUBRIPLATE  630 AA GREASE RIFLE", "nne_nsn": "9150014188233", "sibys": "256020610060", "nato": "NO POSEE", "normas_mil_otras": "NO POSEE", "shelf_life_months": 48, "recertification_allowed": true, "minimum_stock": "0.00"}}, {"model": "core.greasetype", "pk": 35, "fields": {"unidad": "Lts", "nomenclatura": "ACEITE LUBRICANTE GRADO 30 MIL L-21260 Type I Grade 30&50", "nne_nsn": null, "sibys": null, "nato": null, "normas_mil_otras": null, "shelf_life_months": 48, "recertification_allowed": true, "minimum_stock": "0.00"}}, {"model": "core.greasetype", "pk": 36, "fields": {"unidad": "Lts", "nomenclatura": "ACEITE 80 W 90", "nne_nsn": null, "sibys": null, "nato": null, "normas_mil_otras": null, "shelf_life_months": 48, "recertification_allowed": true, "minimum_stock": "0.00"}}, {"model": "core.greasetype", "pk": 37, "fields": {"unidad": "Lts", "nomenclatura": "AEROCOMPUESTO 1002", "nne_nsn": null, "sibys": null, "nato": null, "normas_mil_otras": null, "shelf_life_months": 48, "recertification_allowed": true, "minimum_stock": "0.00"}}, {"model": "core.greasetype", "pk": 38, "fields": {"unidad": "Lts", "nomenclatura": "AEROFLUIDO 1005 MA", "nne_nsn": null, "sibys": null, "nato": null, "normas_mil_otras": null, "shelf_life_months": 48, "recertification_allowed": true, "minimum_stock": "0.00"}}, {"model": "core.greasetype", "pk": 39, "fields": {"unidad": "Lts", "nomenclatura": "AEROFLUIDO 1012", "nne_nsn": null, "sibys": null, "nato": null, "normas_mil_otras": null, "shelf_life_months": 48, "recertification_allowed": true, "minimum_stock": "0.00"}}, {"model": "core.greasetype", "pk": 40, "fields": {"unidad": "Kg", "nomenclatura": "AEROGRASA 1014", "nne_nsn": null, "sibys": null, "nato": null, "normas_mil_otras": null, "shelf_life_months": 48, "recertification_allowed": true, "minimum_stock": "0.00"}}, {"model": "core.greasetype", "pk": 41, "fields": {"unidad": "Kg", "nomenclatura": "AEROGRASA 1016", "nne_nsn": null, "sibys": null, "nato": null, "normas_mil_otras": null, "shelf_life_months": 48, "recertification_allowed": true, "minimum_stock": "0.00"}}, {"model": "core.greasetype", "pk": 42, "fields": {"unidad": "Kg", "nomenclatura": "AEROGRASA 1017", "nne_nsn": null, "sibys": null, "nato": null, "normas_mil_otras": null, "shelf_life_months": 48, "recertification_allowed": true, "minimum_stock": "0.00"}}, {"model": "core.greasetype", "pk": 43, "fields": {"unidad": "Kg", "nomenclatura": "AEROGRASA 1022", "nne_nsn": null, "sibys": null, "nato": null, "normas_mil_otras": null, "shelf_life_months": 48, "recertification_allowed": true, "minimum_stock": "0.00"}}, {"model": "core.greasetype", "pk": 44, "fields": {"unidad": "Kg", "nomenclatura": "AEROGRASA 1043", "nne_nsn": null, "sibys": null, "nato": null, "normas_mil_otras": null, "shelf_life_months": 48, "recertification_allowed": true, "minimum_stock": "0.00"}}, {"model": "core.greasetype", "pk": 45, "fields": {"unidad": "Kg", "nomenclatura": "AEROGRASA NATO G-355 (EX 1008)", "nne_nsn": null, "sibys": null, "nato": null, "normas_mil_otras": null, "shelf_life_months": 48, "recertification_allowed": true, "minimum_stock": "0.00"}}, {"model": "core.greasetype", "pk": 46, "fields": {"unidad": "Lts", "nomenclatura": "AEROLUBRICANTE 1002", "nne_nsn": null, "sibys": null, "nato": null, "normas_mil_otras": null, "shelf_life_months": 48, "recertification_allowed": true, "minimum_stock": "0.00"}}, {"model": "core.greasetype", "pk": 47, "fields": {"unidad": "Lts", "nomenclatura": "AEROLUBRICANTE 1500", "nne_nsn": null, "sibys": null, "nato": null, "normas_mil_otras": null, "shelf_life_months": 48, "recertification_allowed": true, "minimum_stock": "0.00"}}, {"model": "core.greasetype", "pk": 48, "fields": {"unidad": "Lts", "nomenclatura": "AEROLUBRICANTE TECTYL 900 A", "nne_nsn": null, "sibys": null, "nato": null, "normas_mil_otras": null, "shelf_life_months": 48, "recertification_allowed": true, "minimum_stock": "0.00"}}, {"model": "core.greasetype", "pk": 49, "fields": {"unidad": "Lts", "nomenclatura": "AEROSHELL 3 / YPF 1003 / AEROFLUIDO 1003", "nne_nsn": null, "sibys": null, "nato": null, "normas_mil_otras": null, "shelf_life_months": 48, "recertification_allowed": true, "minimum_stock": "0.00"}}, {"model": "core.greasetype", "pk": 50, "fields": {"unidad": "Lts", "nomenclatura": "AEROSHELL FLUID 2F / AEROFLUIDO 1002 F - MIL C 6529 C - (TIPO II) AIR 1503 B", "nne_nsn": null, "sibys": null, "nato": null, "normas_mil_otras": null, "shelf_life_months": 48, "recertification_allowed": true, "minimum_stock": "0.00"}}, {"model": "core.greasetype", "pk": 51, "fields": {"unidad": "Kg", "nomenclatura": "BRAYCOTE 806", "nne_nsn": null, "sibys": null, "nato": null, "normas_mil_otras": null, "shelf_life_months": 48, "recertification_allowed": true, "minimum_stock": "0.00"}}, {"model": "core.greasetype", "pk": 52, "fields": {"unidad": "Unid.", "nomenclatura": "DESLIZAMIENTO EN SECO, MOLIBDENO SINTETICO (SPRAY)", "nne_nsn": null, "sibys": null, "nato": null, "normas_mil_otras": null, "shelf_life_months": 48, "recertification_allowed": true, "minimum_stock": "0.00"}}, {"model": "core.greasetype", "pk": 53, "fields": {"unidad": "Kg", "nomenclatura": "GRASA LUBRICANTE 130 AA", "nne_nsn": null, "sibys": null, "nato": null, "normas_mil_otras": null, "shelf_life_months": 48, "recertification_allowed": true, "minimum_stock": "0.00"}}, {"model": "core.greasetype", "pk": 54, "fields": {"unidad": "Kg", "nomenclatura": "GRASA SHELL 23 C", "nne_nsn": null, "sibys": null, "nato": null, "normas_mil_otras": null, "shelf_life_months": 48, "recertification_allowed": true, "minimum_stock": "0.00"}}, {"model": "core.greasetype", "pk": 55, "fields": {"unidad": "Kg", "nomenclatura": "PASTA G MOLYCOTE", "nne_nsn": null, "sibys": null, "nato": null, "normas_mil_otras": null, "shelf_life_months": 48, "recertification_allowed": true, "minimum_stock": "0.00"}}, {"model": "core.greasetype", "pk": 56, "fields": {"unidad": "Kg", "nomenclatura": "PETRLATUM (BRAYCOTE 236)", "nne_nsn": null, "sibys": null, "nato": null, "normas_mil_otras": null, "shelf_life_months": 48, "recertification_allowed": true, "minimum_stock": "0.00"}}, {"model": "core.greasetype", "pk": 57, "fields": {"unidad": "Lts", "nomenclatura": "DOW CORNING", "nne_nsn": null, "sibys": null, "nato": null, "normas_mil_otras": null, "shelf_life_months": 48, "recertification_allowed": true, "minimum_stock": "0.00"}}, {"model": "core.greasetype", "pk": 58, "fields": {"unidad": "Kg", "nomenclatura": "AEROSHELL GREASE 7", "nne_nsn": null, "sibys": null, "nato": null, "normas_mil_otras": null, "shelf_life_months": 48, "recertification_allowed": true, "minimum_stock": "0.00"}}, {"model": "core.greasetype", "pk": 59, "fields": {"unidad": "Lts", "nomenclatura": "ACEITE SUPERMOVIL 429", "nne_nsn": null, "sibys": null, "nato": null, "normas_mil_otras": null, "shelf_life_months": 48, "recertification_allowed": true, "minimum_stock": "0.00"}}, {"model": "core.greasetype", "pk": 60, "fields": {"unidad": "Kg", "nomenclatura": "MOLYKOTE M77", "nne_nsn": null, "sibys": null, "nato": null, "normas_mil_otras": null, "shelf_life_months": 48, "recertification_allowed": true, "minimum_stock": "0.00"}}, {"model": "core.greasetype", "pk": 61, "fields": {"unidad": "Kg", "nomenclatura": "ROYCO 81 MS", "nne_nsn": null, "sibys": null, "nato": null, "normas_mil_otras": null, "shelf_life_months": 48, "recertification_allowed": true, "minimum_stock": "0.00"}}, {"model": "core.greasetype", "pk": 62, "fields": {"unidad": "Lts", "nomenclatura": "AEROSHELL FLUID 2 T / AIR 15404 / NYCOPROTEC 04", "nne_nsn": "6850121297312", "sibys": "256028170017", "nato": "C-610", "normas_mil_otras": "MIL-C-6529-C TIPO III", "shelf_life_months": 48, "recertification_allowed": true, "minimum_stock": "0.00"}}, {"model": "core.greasetype", "pk": 63, "fields": {"unidad": "Kg", "nomenclatura": "AEROGRASA 33 (AEROSHELL GREASE 33 TIPO I)", "nne_nsn": "9150293023219", "sibys": "256020610021", "nato": "G-354", "normas_mil_otras": "MIL-PRF-23827C", "shelf_life_months": 48, "recertification_allowed": true, "minimum_stock": "0.00"}}, {"model": "core.greasetype", "pk": 64, "fields": {"unidad": "Lts", "nomenclatura": "ROYCO 481", "nne_nsn": null, "sibys": null, "nato": null, "normas_mil_otras": "MIL-PRF-6081", "shelf_life_months": 48, "recertification_allowed": true, "minimum_stock": "0.00"}}, {"model": "core.greasetype", "pk": 65, "fields": {"unidad": "Kg", "nomenclatura": "AEROSHHELL 6", "nne_nsn": null, "sibys": null, "nato": null, "normas_mil_otras": "MIL-PRF-24139B", "shelf_life_months": 48, "recertification_allowed": true, "minimum_stock": "0.00"}}, {"model": "core.aircraftgrease", "pk": 18, "fields": {"aircraft_model": 7, "grease_type": 29, "hourly_consumption_rate": "0.0100", "notes": ""}}, {"model": "core.aircraftgrease", "pk": 19, "fields": {"aircraft_model": 7, "grease_type": 33, "hourly_consumption_rate": "0.0050", "notes": ""}}, {"model": "core.aircraftgrease", "pk": 20, "fields": {"aircraft_model": 7, "grease_type": 27, "hourly_consumption_rate": "0.0100", "notes": ""}}, {"model": "core.aircraftgrease", "pk": 21, "fields": {"aircraft_model": 7, "grease_type": 28, "hourly_consumption_rate": "0.0100", "notes": ""}}, {"model": "core.aircraftgrease", "pk": 22, "fields": {"aircraft_model": 7, "grease_type": 47, "hourly_consumption_rate": "0.0910", "notes": ""}}, {"model": "core.aircraftgrease", "pk": 23, "fields": {"aircraft_model": 7, "grease_type": 42, "hourly_consumption_rate": "0.0100", "notes": ""}}, {"model": "core.aircraftgrease", "pk": 24, "fields": {"aircraft_model": 4, "grease_type": 45, "hourly_consumption_rate": "0.0100", "notes": ""}}, {"model": "core.aircraftgrease", "pk": 25, "fields": {"aircraft_model": 4, "grease_type": 29, "hourly_consumption_rate": "0.0100", "notes": ""}}, {"model": "core.aircraftgrease", "pk": 26, "fields": {"aircraft_model": 4, "grease_type": 27, "hourly_consumption_rate": "0.0020", "notes": ""}}, {"model": "core.aircraftgrease", "pk": 27, "fields": {"aircraft_model": 4, "grease_type": 41, "hourly_consumption_rate": "0.1200", "notes": ""}}, {"model": "core.aircraftgrease", "pk": 28, "fields": {"aircraft_model": 4, "grease_type": 33, "hourly_consumption_rate": "0.1000", "notes": ""}}, {"model": "core.aircraftgrease", "pk": 29, "fields": {"aircraft_model": 4, "grease_type": 47, "hourly_consumption_rate": "0.1250", "notes": ""}}, {"model": "core.aircraftgrease", "pk": 30, "fields": {"aircraft_model": 4, "grease_type": 43, "hourly_consumption_rate": "0.0100", "notes": ""}}, {"model": "core.aircraftgrease", "pk": 31, "fields": {"aircraft_model": 4, "grease_type": 28, "hourly_consumption_rate": "0.1000", "notes": ""}}, {"model": "core.aircraftgrease", "pk": 32, "fields": {"aircraft_model": 6, "grease_type": 26, "hourly_consumption_rate": "0.0400", "notes": ""}}, {"model": "core.aircraftgrease", "pk": 33, "fields": {"aircraft_model": 6, "grease_type": 35, "hourly_consumption_rate": "0.0400", "notes": ""}}, {"model": "core.aircraftgrease", "pk": 34, "fields": {"aircraft_model": 6, "grease_type": 40, "hourly_consumption_rate": "0.2500", "notes": ""}}, {"model": "core.aircraftgrease", "pk": 35, "fields": {"aircraft_model": 6, "grease_type": 42, "hourly_consumption_rate": "0.0100", "notes": ""}}, {"model": "core.aircraftgrease", "pk": 36, "fields": {"aircraft_model": 6, "grease_type": 33, "hourly_consumption_rate": "0.8000", "notes": ""}}, {"model": "core.aircraftgrease", "pk": 37, "fields": {"aircraft_model": 6, "grease_type": 36, "hourly_consumption_rate": "0.0400", "notes": ""}}, {"model": "core.aircraftgrease", "pk": 38, "fields": {"aircraft_model": 6, "grease_type": 47, "hourly_consumption_rate": "0.7000", "notes": ""}}, {"model": "core.aircraftgrease", "pk": 39, "fields": {"aircraft_model": 6, "grease_type": 43, "hourly_consumption_rate": "0.1200", "notes": ""}}, {"model": "core.aircraftgrease", "pk": 40, "fields": {"aircraft_model": 6, "grease_type": 46, "hourly_consumption_rate": "0.0080", "notes": ""}}, {"model": "core.aircraftgrease", "pk": 41, "fields": {"aircraft_model": 6, "grease_type": 24, "hourly_consumption_rate": "0.0010", "notes": ""}}, {"model": "core.aircraftgrease", "pk": 42, "fields": {"aircraft_model": 6, "grease_type": 29, "hourly_consumption_rate": "0.0020", "notes": ""}}, {"model": "core.aircraftgrease", "pk": 43, "fields": {"aircraft_model": 6, "grease_type": 49, "hourly_consumption_rate": "0.0100", "notes": ""}}, {"model": "core.aircraftgrease", "pk": 44, "fields": {"aircraft_model": 6, "grease_type": 34, "hourly_consumption_rate": "0.0400", "notes": ""}}, {"model": "core.aircraftgrease", "pk": 45, "fields": {"aircraft_model": 6, "grease_type": 57, "hourly_consumption_rate": "0.0040", "notes": ""}}, {"model": "core.aircraftgrease", "pk": 46, "fields": {"aircraft_model": 9, "grease_type": 33, "hourly_consumption_rate": "0.4700", "notes": ""}}, {"model": "core.aircraftgrease", "pk": 47, "fields": {"aircraft_model": 9, "grease_type": 47, "hourly_consumption_rate": "0.2500", "notes": ""}}, {"model": "core.aircraftgrease", "pk": 48, "fields": {"aircraft_model": 9, "grease_type": 29, "hourly_consumption_rate": "0.0540", "notes": ""}}, {"model": "core.aircraftgrease", "pk": 49, "fields": {"aircraft_model": 9, "grease_type": 43, "hourly_consumption_rate": "0.2400", "notes": ""}}, {"model": "core.aircraftgrease", "pk": 50, "fields": {"aircraft_model": 9, "grease_type": 39, "hourly_consumption_rate": "0.0100", "notes": ""}}, {"model": "core.aircraftgrease", "pk": 51, "fields": {"aircraft_model": 9, "grease_type": 48, "hourly_consumption_rate": "0.1000", "notes": ""}}, {"model": "core.aircraftgrease", "pk": 52, "fields": {"aircraft_model": 9, "grease_type": 61, "hourly_consumption_rate": "0.2500", "notes": ""}}, {"model": "core.aircraftgrease", "pk": 53, "fields": {"aircraft_model": 9, "grease_type": 42, "hourly_consumption_rate": "0.0130", "notes": ""}}, {"model": "core.aircraftgrease", "pk": 54, "fields": {"aircraft_model": 9, "grease_type": 56, "hourly_consumption_rate": "0.0080", "notes": ""}}, {"model": "core.aircraftgrease", "pk": 55, "fields": {"aircraft_model": 9, "grease_type": 51, "hourly_consumption_rate": "0.0100", "notes": ""}}, {"model": "core.aircraftgrease", "pk": 56, "fields": {"aircraft_model": 8, "grease_type": 27, "hourly_consumption_rate": "0.0050", "notes": ""}}, {"model": "core.aircraftgrease", "pk": 57, "fields": {"aircraft_model": 8, "grease_type": 43, "hourly_consumption_rate": "0.0200", "notes": ""}}, {"model": "core.aircraftgrease", "pk": 58, "fields": {"aircraft_model": 8, "grease_type": 29, "hourly_consumption_rate": "0.0010", "notes": ""}}, {"model": "core.aircraftgrease", "pk": 59, "fields": {"aircraft_model": 8, "grease_type": 33, "hourly_consumption_rate": "0.0400", "notes": ""}}, {"model": "core.aircraftgrease", "pk": 60, "fields": {"aircraft_model": 8, "grease_type": 47, "hourly_consumption_rate": "0.0500", "notes": ""}}, {"model": "core.aircraftgrease", "pk": 61, "fields": {"aircraft_model": 8, "grease_type": 28, "hourly_consumption_rate": "0.0050", "notes": ""}}, {"model": "core.aircraftgrease", "pk": 62, "fields": {"aircraft_model": 8, "grease_type": 55, "hourly_consumption_rate": "0.0010", "notes": ""}}, {"model": "core.aircraftgrease", "pk": 63, "fields": {"aircraft_model": 8, "grease_type": 53, "hourly_consumption_rate": "0.0010", "notes": ""}}, {"model": "core.aircraftgrease", "pk": 64, "fields": {"aircraft_model": 8, "grease_type": 35, "hourly_consumption_rate": "0.0040", "notes": ""}}, {"model": "core.aircraftgrease", "pk": 65, "fields": {"aircraft_model": 8, "grease_type": 46, "hourly_consumption_rate": "0.0010", "notes": ""}}, {"model": "core.flightplan", "pk": 28, "fields": {"aircraft_model": 6, "period_type": "YEARLY", "period_start_date": "2027-03-30", "period_end_date": "2028-04-01", "planned_hours": "550.00"}}, {"model": "core.greasebatch", "pk": 32, "fields": {"grease_type": 25, "batch_number": "216767UO76", "manufacturing_date": "2025-04-01", "expiration_date": "2031-04-01", "container_size": "0.95", "container_count": 138, "initial_quantity": "131.10", "available_quantity": "131.10", "unit_price": null, "storage_location": "EA1V", "status": "SERVICEABLE", "can_be_retested": true, "is_archived": false}}, {"model": "core.greasebatch", "pk": 34, "fields": {"grease_type": 25, "batch_number": "124741U076", "manufacturing_date": "2023-12-01", "expiration_date": "2029-12-01", "container_size": "0.96", "container_count": 31, "initial_quantity": "29.76", "available_quantity": "29.76", "unit_price": null, "storage_location": "EA1V", "status": "SERVICEABLE", "can_be_retested": true, "is_archived": false}}, {"model": "core.greasebatch", "pk": 36, "fields": {"grease_type": 27, "batch_number": "23563649522", "manufacturing_date": "2023-09-01", "expiration_date": "2029-09-01", "container_size": "3.00", "container_count": 1, "initial_quantity": "3.00", "available_quantity": "3.00", "unit_price": null, "storage_location": "EA1V", "status": "SERVICEABLE", "can_be_retested": true, "is_archived": false}}, {"model": "core.greasebatch", "pk": 38, "fields": {"grease_type": 28, "batch_number": "24509AC49522", "manufacturing_date": "2024-02-01", "expiration_date": "2030-02-01", "container_size": "0.40", "container_count": 11, "initial_quantity": "4.40", "available_quantity": "4.40", "unit_price": null, "storage_location": "EA1V", "status": "SERVICEABLE", "can_be_retested": true, "is_archived": false}}, {"model": "core.greasebatch", "pk": 42, "fields": {"grease_type": 29, "batch_number": "23520C49515", "manufacturing_date": "2023-03-01", "expiration_date": "2029-03-01", "container_size": "0.40", "container_count": 10, "initial_quantity": "4.00", "available_quantity": "4.00", "unit_price": null, "storage_location": "EA1V", "status": "SERVICEABLE", "can_be_retested": true, "is_archived": false}}, {"model": "core.greasebatch", "pk": 43, "fields": {"grease_type": 30, "batch_number": "5012201837", "manufacturing_date": "2022-06-01", "expiration_date": "2028-06-01", "container_size": "1.00", "container_count": 6, "initial_quantity": "6.00", "available_quantity": "6.00", "unit_price": null, "storage_location": "EA1V", "status": "SERVICEABLE", "can_be_retested": true, "is_archived": false}}, {"model": "core.greasebatch", "pk": 44, "fields": {"grease_type": 31, "batch_number": "70406323T", "manufacturing_date": "2022-02-01", "expiration_date": "2032-02-01", "container_size": "2.00", "container_count": 3, "initial_quantity": "6.00", "available_quantity": "6.00", "unit_price": null, "storage_location": "EA1V", "status": "SERVICEABLE", "can_be_retested": true, "is_archived": false}}, {"model": "core.greasebatch", "pk": 48, "fields": {"grease_type": 33, "batch_number": "B-201662", "manufacturing_date": "2021-11-01", "expiration_date": "2029-03-15", "container_size": "3.80", "container_count": 2, "initial_quantity": "7.60", "available_quantity": "7.60", "unit_price": null, "storage_location": "EA1V", "status": "SERVICEABLE", "can_be_retested": true, "is_archived": false}}, {"model": "core.greasebatch", "pk": 49, "fields": {"grease_type": 34, "batch_number": "YO346", "manufacturing_date": "2024-03-01", "expiration_date": "2034-03-01", "container_size": "0.40", "container_count": 5, "initial_quantity": "2.00", "available_quantity": "2.00", "unit_price": null, "storage_location": "EA1V", "status": "SERVICEABLE", "can_be_retested": true, "is_archived": false}}, {"model": "core.greasebatch", "pk": 51, "fields": {"grease_type": 23, "batch_number": "CT1402882", "manufacturing_date": "2014-06-01", "expiration_date": "2026-06-30", "container_size": "1.00", "container_count": 13, "initial_quantity": "13.00", "available_quantity": "13.00", "unit_price": null, "storage_location": "EA32", "status": "NEAR_EXPIRATION", "can_be_retested": true, "is_archived": false}}, {"model": "core.greasebatch", "pk": 52, "fields": {"grease_type": 28, "batch_number": "00419941U04612", "manufacturing_date": "2020-10-01", "expiration_date": "2026-10-30", "container_size": "3.00", "container_count": 9, "initial_quantity": "27.00", "available_quantity": "27.00", "unit_price": null, "storage_location": "EA32", "status": "SERVICEABLE", "can_be_retested": true, "is_archived": false}}, {"model": "core.greasebatch", "pk": 53, "fields": {"grease_type": 43, "batch_number": "00420387U04618", "manufacturing_date": "2021-01-01", "expiration_date": "2027-01-30", "container_size": "3.00", "container_count": 6, "initial_quantity": "18.00", "available_quantity": "18.00", "unit_price": null, "storage_location": "EA32", "status": "SERVICEABLE", "can_be_retested": true, "is_archived": false}}, {"model": "core.greasebatch", "pk": 54, "fields": {"grease_type": 43, "batch_number": "70260973", "manufacturing_date": "2020-05-01", "expiration_date": "2026-05-30", "container_size": "2.00", "container_count": 2, "initial_quantity": "4.00", "available_quantity": "4.00", "unit_price": null, "storage_location": "EA32", "status": "NEAR_EXPIRATION", "can_be_retested": true, "is_archived": false}}, {"model": "core.greasebatch", "pk": 55, "fields": {"grease_type": 37, "batch_number": "M373454", "manufacturing_date": "2022-09-01", "expiration_date": "2026-03-02", "container_size": "1.00", "container_count": 8, "initial_quantity": "8.00", "available_quantity": "8.00", "unit_price": null, "storage_location": "EA32", "status": "EXPIRED", "can_be_retested": true, "is_archived": false}}, {"model": "core.greasebatch", "pk": 56, "fields": {"grease_type": 62, "batch_number": "4055539", "manufacturing_date": "2022-05-24", "expiration_date": "2026-05-24", "container_size": "16.00", "container_count": 1, "initial_quantity": "16.00", "available_quantity": "16.00", "unit_price": null, "storage_location": "EA32", "status": "NEAR_EXPIRATION", "can_be_retested": true, "is_archived": false}}, {"model": "core.greasebatch", "pk": 57, "fields": {"grease_type": 62, "batch_number": "4055543", "manufacturing_date": "2022-05-24", "expiration_date": "2026-05-24", "container_size": "16.00", "container_count": 8, "initial_quantity": "128.00", "available_quantity": "128.00", "unit_price": null, "storage_location": "EA32", "status": "NEAR_EXPIRATION", "can_be_retested": true, "is_archived": false}}, {"model": "core.greasebatch", "pk": 58, "fields": {"grease_type": 46, "batch_number": "CT1501485", "manufacturing_date": "2015-04-01", "expiration_date": "2026-04-01", "container_size": "1.00", "container_count": 6, "initial_quantity": "6.00", "available_quantity": "6.00", "unit_price": null, "storage_location": "EAH2", "status": "EXPIRED", "can_be_retested": true, "is_archived": false}}, {"model": "core.greasebatch", "pk": 59, "fields": {"grease_type": 46, "batch_number": "5012303558", "manufacturing_date": "2023-11-01", "expiration_date": "2027-11-01", "container_size": "1.00", "container_count": 10, "initial_quantity": "10.00", "available_quantity": "10.00", "unit_price": null, "storage_location": "EAH2", "status": "SERVICEABLE", "can_be_retested": true, "is_archived": false}}, {"model": "core.greasebatch", "pk": 60, "fields": {"grease_type": 47, "batch_number": "0000047067U076", "manufacturing_date": "2022-10-01", "expiration_date": "2026-10-01", "container_size": "1.00", "container_count": 96, "initial_quantity": "96.00", "available_quantity": "96.00", "unit_price": null, "storage_location": "EAH2", "status": "NEAR_EXPIRATION", "can_be_retested": true, "is_archived": false}}, {"model": "core.greasebatch", "pk": 61, "fields": {"grease_type": 46, "batch_number": "0000155538U076", "manufacturing_date": "2024-07-01", "expiration_date": "2028-07-01", "container_size": "1.00", "container_count": 432, "initial_quantity": "432.00", "available_quantity": "432.00", "unit_price": null, "storage_location": "EAH2", "status": "SERVICEABLE", "can_be_retested": true, "is_archived": false}}, {"model": "core.greasebatch", "pk": 62, "fields": {"grease_type": 29, "batch_number": "00023559C49529SEP23", "manufacturing_date": "2023-09-01", "expiration_date": "2026-09-01", "container_size": "3.00", "container_count": 1, "initial_quantity": "3.00", "available_quantity": "3.00", "unit_price": null, "storage_location": "EAH2", "status": "NEAR_EXPIRATION", "can_be_retested": true, "is_archived": false}}, {"model": "core.greasebatch", "pk": 63, "fields": {"grease_type": 29, "batch_number": "5012201837", "manufacturing_date": "2021-06-01", "expiration_date": "2024-06-01", "container_size": "1.00", "container_count": 8, "initial_quantity": "8.00", "available_quantity": "8.00", "unit_price": null, "storage_location": "EAH2", "status": "EXPIRED", "can_be_retested": true, "is_archived": false}}, {"model": "core.greasebatch", "pk": 64, "fields": {"grease_type": 29, "batch_number": "00421532U04621APR21", "manufacturing_date": "2021-03-01", "expiration_date": "2027-04-01", "container_size": "3.00", "container_count": 2, "initial_quantity": "6.00", "available_quantity": "6.00", "unit_price": null, "storage_location": "EAH2", "status": "SERVICEABLE", "can_be_retested": true, "is_archived": false}}, {"model": "core.greasebatch", "pk": 65, "fields": {"grease_type": 40, "batch_number": "12155619Z04210AGU23", "manufacturing_date": "2023-08-01", "expiration_date": "2026-08-01", "container_size": "3.00", "container_count": 16, "initial_quantity": "48.00", "available_quantity": "48.00", "unit_price": null, "storage_location": "EAH2", "status": "NEAR_EXPIRATION", "can_be_retested": true, "is_archived": false}}, {"model": "core.greasebatch", "pk": 66, "fields": {"grease_type": 40, "batch_number": "12200958Z04218SEP23", "manufacturing_date": "2023-09-01", "expiration_date": "2026-09-01", "container_size": "3.00", "container_count": 88, "initial_quantity": "264.00", "available_quantity": "264.00", "unit_price": null, "storage_location": "EAH2", "status": "NEAR_EXPIRATION", "can_be_retested": true, "is_archived": false}}, {"model": "core.greasebatch", "pk": 67, "fields": {"grease_type": 40, "batch_number": "11895758Z04218JAN22", "manufacturing_date": "2022-01-01", "expiration_date": "2025-01-01", "container_size": "3.00", "container_count": 33, "initial_quantity": "99.00", "available_quantity": "99.00", "unit_price": null, "storage_location": "EAH2", "status": "EXPIRED", "can_be_retested": true, "is_archived": false}}, {"model": "core.greasebatch", "pk": 68, "fields": {"grease_type": 42, "batch_number": "4754", "manufacturing_date": "2021-04-01", "expiration_date": "2027-04-01", "container_size": "3.00", "container_count": 6, "initial_quantity": "18.00", "available_quantity": "18.00", "unit_price": null, "storage_location": "EAH2", "status": "SERVICEABLE", "can_be_retested": true, "is_archived": false}}, {"model": "core.greasebatch", "pk": 69, "fields": {"grease_type": 42, "batch_number": "12261379Z04212JAN24", "manufacturing_date": "2024-01-01", "expiration_date": "2027-01-01", "container_size": "3.00", "container_count": 2, "initial_quantity": "6.00", "available_quantity": "6.00", "unit_price": null, "storage_location": "EAH2", "status": "SERVICEABLE", "can_be_retested": true, "is_archived": false}}, {"model": "core.greasebatch", "pk": 70, "fields": {"grease_type": 43, "batch_number": "70260973T", "manufacturing_date": "2018-05-01", "expiration_date": "2026-02-01", "container_size": "2.00", "container_count": 4, "initial_quantity": "8.00", "available_quantity": "8.00", "unit_price": null, "storage_location": "EAH2", "status": "EXPIRED", "can_be_retested": true, "is_archived": false}}, {"model": "core.greasebatch", "pk": 73, "fields": {"grease_type": 43, "batch_number": "00023571C49503NOV23", "manufacturing_date": "2023-11-01", "expiration_date": "2026-11-01", "container_size": "3.00", "container_count": 6, "initial_quantity": "18.00", "available_quantity": "18.00", "unit_price": null, "storage_location": "EAH2", "status": "SERVICEABLE", "can_be_retested": true, "is_archived": false}}, {"model": "core.greasebatch", "pk": 74, "fields": {"grease_type": 43, "batch_number": "00025501C49513MAR25", "manufacturing_date": "2025-03-01", "expiration_date": "2028-03-01", "container_size": "3.00", "container_count": 2, "initial_quantity": "6.00", "available_quantity": "6.00", "unit_price": null, "storage_location": "EAH2", "status": "SERVICEABLE", "can_be_retested": true, "is_archived": false}}, {"model": "core.greasebatch", "pk": 75, "fields": {"grease_type": 43, "batch_number": "00023571C49531OCT23", "manufacturing_date": "2023-10-01", "expiration_date": "2026-10-01", "container_size": "3.00", "container_count": 16, "initial_quantity": "48.00", "available_quantity": "48.00", "unit_price": null, "storage_location": "EAH2", "status": "NEAR_EXPIRATION", "can_be_retested": true, "is_archived": false}}, {"model": "core.greasebatch", "pk": 76, "fields": {"grease_type": 43, "batch_number": "94234", "manufacturing_date": "2023-05-25", "expiration_date": "2026-05-25", "container_size": "3.00", "container_count": 52, "initial_quantity": "156.00", "available_quantity": "156.00", "unit_price": null, "storage_location": "EAH2", "status": "NEAR_EXPIRATION", "can_be_retested": true, "is_archived": false}}, {"model": "core.greasebatch", "pk": 77, "fields": {"grease_type": 43, "batch_number": "00022547C49510NOV22", "manufacturing_date": "2022-11-01", "expiration_date": "2025-11-01", "container_size": "3.00", "container_count": 20, "initial_quantity": "60.00", "available_quantity": "60.00", "unit_price": null, "storage_location": "EAH2", "status": "EXPIRED", "can_be_retested": true, "is_archived": false}}, {"model": "core.greasebatch", "pk": 78, "fields": {"grease_type": 26, "batch_number": "3455824", "manufacturing_date": "2024-04-01", "expiration_date": "2028-04-01", "container_size": "4.00", "container_count": 3, "initial_quantity": "12.00", "available_quantity": "12.00", "unit_price": null, "storage_location": "EAH2", "status": "SERVICEABLE", "can_be_retested": true, "is_archived": false}}, {"model": "core.greasebatch", "pk": 79, "fields": {"grease_type": 49, "batch_number": "10213", "manufacturing_date": "2021-05-13", "expiration_date": "2025-05-13", "container_size": "3.00", "container_count": 6, "initial_quantity": "18.00", "available_quantity": "18.00", "unit_price": null, "storage_location": "EAH2", "status": "EXPIRED", "can_be_retested": true, "is_archived": false}}, {"model": "core.greasebatch", "pk": 80, "fields": {"grease_type": 33, "batch_number": "PR00281081", "manufacturing_date": "2025-04-01", "expiration_date": "2029-04-01", "container_size": "1.00", "container_count": 144, "initial_quantity": "144.00", "available_quantity": "144.00", "unit_price": null, "storage_location": "EAH2", "status": "SERVICEABLE", "can_be_retested": true, "is_archived": false}}, {"model": "core.greasebatch", "pk": 81, "fields": {"grease_type": 33, "batch_number": "PR00254143", "manufacturing_date": "2023-12-01", "expiration_date": "2027-12-01", "container_size": "1.00", "container_count": 48, "initial_quantity": "48.00", "available_quantity": "48.00", "unit_price": null, "storage_location": "EAH2", "status": "SERVICEABLE", "can_be_retested": true, "is_archived": false}}, {"model": "core.greasebatch", "pk": 82, "fields": {"grease_type": 34, "batch_number": "Y0346", "manufacturing_date": "2024-03-01", "expiration_date": "2027-03-01", "container_size": "3.00", "container_count": 16, "initial_quantity": "48.00", "available_quantity": "48.00", "unit_price": null, "storage_location": "EAH2", "status": "SERVICEABLE", "can_be_retested": true, "is_archived": false}}, {"model": "core.greasebatch", "pk": 83, "fields": {"grease_type": 36, "batch_number": "T342663", "manufacturing_date": "2023-04-26", "expiration_date": "2027-04-26", "container_size": "20.00", "container_count": 1, "initial_quantity": "20.00", "available_quantity": "20.00", "unit_price": null, "storage_location": "EAH2", "status": "SERVICEABLE", "can_be_retested": true, "is_archived": false}}, {"model": "core.greasebatch", "pk": 84, "fields": {"grease_type": 36, "batch_number": "SIN DATOS", "manufacturing_date": "2022-12-01", "expiration_date": "2026-12-01", "container_size": "205.00", "container_count": 1, "initial_quantity": "205.00", "available_quantity": "205.00", "unit_price": null, "storage_location": "EAH2", "status": "SERVICEABLE", "can_be_retested": true, "is_archived": false}}, {"model": "core.greasebatch", "pk": 85, "fields": {"grease_type": 24, "batch_number": "CT1501485", "manufacturing_date": "2015-04-01", "expiration_date": "2023-02-28", "container_size": "1.00", "container_count": 6, "initial_quantity": "6.00", "available_quantity": "6.00", "unit_price": null, "storage_location": "EA2S", "status": "EXPIRED", "can_be_retested": true, "is_archived": false}}, {"model": "core.greasebatch", "pk": 86, "fields": {"grease_type": 24, "batch_number": "2020082240", "manufacturing_date": "2020-03-01", "expiration_date": "2024-03-30", "container_size": "3.30", "container_count": 2, "initial_quantity": "6.60", "available_quantity": "6.60", "unit_price": null, "storage_location": "EA2S", "status": "EXPIRED", "can_be_retested": true, "is_archived": false}}, {"model": "core.greasebatch", "pk": 87, "fields": {"grease_type": 47, "batch_number": "E14D542", "manufacturing_date": "2014-05-01", "expiration_date": "2028-05-30", "container_size": "0.95", "container_count": 5, "initial_quantity": "4.75", "available_quantity": "4.75", "unit_price": null, "storage_location": "EA2S", "status": "SERVICEABLE", "can_be_retested": true, "is_archived": false}}, {"model": "core.greasebatch", "pk": 88, "fields": {"grease_type": 47, "batch_number": "E15M626", "manufacturing_date": "2022-01-01", "expiration_date": "2030-01-31", "container_size": "0.95", "container_count": 28, "initial_quantity": "26.60", "available_quantity": "26.60", "unit_price": null, "storage_location": "EA2S", "status": "SERVICEABLE", "can_be_retested": true, "is_archived": false}}, {"model": "core.greasebatch", "pk": 89, "fields": {"grease_type": 28, "batch_number": "0419941U04612", "manufacturing_date": "2020-10-01", "expiration_date": "2026-10-30", "container_size": "3.00", "container_count": 6, "initial_quantity": "18.00", "available_quantity": "18.00", "unit_price": null, "storage_location": "EA2S", "status": "SERVICEABLE", "can_be_retested": true, "is_archived": false}}, {"model": "core.greasebatch", "pk": 90, "fields": {"grease_type": 29, "batch_number": "0421532U04621", "manufacturing_date": "2021-04-01", "expiration_date": "2027-04-30", "container_size": "3.00", "container_count": 3, "initial_quantity": "9.00", "available_quantity": "9.00", "unit_price": null, "storage_location": "EA2S", "status": "SERVICEABLE", "can_be_retested": true, "is_archived": false}}, {"model": "core.greasebatch", "pk": 91, "fields": {"grease_type": 33, "batch_number": "B-PR00283595", "manufacturing_date": "2025-05-01", "expiration_date": "2028-05-30", "container_size": "0.95", "container_count": 56, "initial_quantity": "53.20", "available_quantity": "53.20", "unit_price": null, "storage_location": "EA2S", "status": "SERVICEABLE", "can_be_retested": true, "is_archived": false}}, {"model": "core.greasebatch", "pk": 92, "fields": {"grease_type": 33, "batch_number": "B-PR00229102", "manufacturing_date": "2022-11-01", "expiration_date": "2025-11-30", "container_size": "3.78", "container_count": 10, "initial_quantity": "37.80", "available_quantity": "37.80", "unit_price": null, "storage_location": "EA2S", "status": "EXPIRED", "can_be_retested": true, "is_archived": false}}, {"model": "core.greasebatch", "pk": 93, "fields": {"grease_type": 41, "batch_number": "5012503022", "manufacturing_date": "2025-08-01", "expiration_date": "2031-08-01", "container_size": "0.40", "container_count": 193, "initial_quantity": "77.20", "available_quantity": "77.20", "unit_price": null, "storage_location": "EAH1", "status": "SERVICEABLE", "can_be_retested": true, "is_archived": false}}, {"model": "core.greasebatch", "pk": 94, "fields": {"grease_type": 33, "batch_number": "B-PR00248153", "manufacturing_date": "2025-05-01", "expiration_date": "2028-05-01", "container_size": "1.00", "container_count": 106, "initial_quantity": "106.00", "available_quantity": "106.00", "unit_price": null, "storage_location": "EAH1", "status": "SERVICEABLE", "can_be_retested": true, "is_archived": false}}, {"model": "core.greasebatch", "pk": 95, "fields": {"grease_type": 45, "batch_number": "5012200588", "manufacturing_date": "2022-03-01", "expiration_date": "2028-03-01", "container_size": "0.40", "container_count": 17, "initial_quantity": "6.80", "available_quantity": "6.80", "unit_price": null, "storage_location": "EAH1", "status": "SERVICEABLE", "can_be_retested": true, "is_archived": false}}, {"model": "core.greasebatch", "pk": 96, "fields": {"grease_type": 45, "batch_number": "GN 06", "manufacturing_date": "2024-04-01", "expiration_date": "2030-04-01", "container_size": "5.00", "container_count": 5, "initial_quantity": "25.00", "available_quantity": "25.00", "unit_price": null, "storage_location": "EAH1", "status": "SERVICEABLE", "can_be_retested": true, "is_archived": false}}, {"model": "core.greasebatch", "pk": 97, "fields": {"grease_type": 45, "batch_number": "GN06", "manufacturing_date": "2025-01-01", "expiration_date": "2028-01-01", "container_size": "0.40", "container_count": 18, "initial_quantity": "7.20", "available_quantity": "7.20", "unit_price": null, "storage_location": "EAH1", "status": "SERVICEABLE", "can_be_retested": true, "is_archived": false}}, {"model": "core.greasebatch", "pk": 98, "fields": {"grease_type": 43, "batch_number": "00022547C49510", "manufacturing_date": "2022-11-01", "expiration_date": "2028-11-01", "container_size": "3.00", "container_count": 3, "initial_quantity": "9.00", "available_quantity": "9.00", "unit_price": null, "storage_location": "EAH1", "status": "SERVICEABLE", "can_be_retested": true, "is_archived": false}}, {"model": "core.greasebatch", "pk": 99, "fields": {"grease_type": 43, "batch_number": "---", "manufacturing_date": "2023-11-01", "expiration_date": "2029-11-01", "container_size": "3.00", "container_count": 3, "initial_quantity": "9.00", "available_quantity": "9.00", "unit_price": null, "storage_location": "EAH1", "status": "SERVICEABLE", "can_be_retested": true, "is_archived": false}}, {"model": "core.greasebatch", "pk": 100, "fields": {"grease_type": 43, "batch_number": "00413009U04610", "manufacturing_date": "2019-03-01", "expiration_date": "2026-03-01", "container_size": "3.00", "container_count": 2, "initial_quantity": "6.00", "available_quantity": "6.00", "unit_price": null, "storage_location": "EAH1", "status": "EXPIRED", "can_be_retested": true, "is_archived": false}}, {"model": "core.greasebatch", "pk": 101, "fields": {"grease_type": 63, "batch_number": "11958078Z04222", "manufacturing_date": "2022-06-01", "expiration_date": "2028-06-01", "container_size": "3.00", "container_count": 11, "initial_quantity": "33.00", "available_quantity": "33.00", "unit_price": null, "storage_location": "EAH1", "status": "SERVICEABLE", "can_be_retested": true, "is_archived": false}}, {"model": "core.greasebatch", "pk": 102, "fields": {"grease_type": 47, "batch_number": "E15M626", "manufacturing_date": "2016-01-01", "expiration_date": "2030-01-01", "container_size": "0.95", "container_count": 409, "initial_quantity": "388.55", "available_quantity": "388.55", "unit_price": null, "storage_location": "EAH1", "status": "SERVICEABLE", "can_be_retested": true, "is_archived": false}}, {"model": "core.greasebatch", "pk": 103, "fields": {"grease_type": 25, "batch_number": "0000216767", "manufacturing_date": "2025-05-01", "expiration_date": "2029-05-01", "container_size": "1.05", "container_count": 70, "initial_quantity": "73.50", "available_quantity": "73.50", "unit_price": null, "storage_location": "EAH1", "status": "SERVICEABLE", "can_be_retested": true, "is_archived": false}}, {"model": "core.greasebatch", "pk": 104, "fields": {"grease_type": 38, "batch_number": "5012202495", "manufacturing_date": "2022-08-01", "expiration_date": "2028-08-01", "container_size": "20.00", "container_count": 2, "initial_quantity": "40.00", "available_quantity": "40.00", "unit_price": null, "storage_location": "EAH1", "status": "SERVICEABLE", "can_be_retested": true, "is_archived": false}}, {"model": "core.greasebatch", "pk": 105, "fields": {"grease_type": 27, "batch_number": "00420381U04630", "manufacturing_date": "2020-11-01", "expiration_date": "2026-11-30", "container_size": "3.00", "container_count": 2, "initial_quantity": "6.00", "available_quantity": "6.00", "unit_price": null, "storage_location": "EAH1", "status": "SERVICEABLE", "can_be_retested": true, "is_archived": false}}, {"model": "core.greasebatch", "pk": 106, "fields": {"grease_type": 27, "batch_number": "00023563C49522", "manufacturing_date": "2023-09-01", "expiration_date": "2026-09-01", "container_size": "3.00", "container_count": 1, "initial_quantity": "3.00", "available_quantity": "3.00", "unit_price": null, "storage_location": "EAH1", "status": "NEAR_EXPIRATION", "can_be_retested": true, "is_archived": false}}, {"model": "core.greasebatch", "pk": 107, "fields": {"grease_type": 29, "batch_number": "00421532U04621", "manufacturing_date": "2021-04-01", "expiration_date": "2027-04-30", "container_size": "3.00", "container_count": 1, "initial_quantity": "3.00", "available_quantity": "3.00", "unit_price": null, "storage_location": "EAH1", "status": "SERVICEABLE", "can_be_retested": true, "is_archived": false}}, {"model": "core.greasebatch", "pk": 108, "fields": {"grease_type": 29, "batch_number": "00023560C49502", "manufacturing_date": "2023-10-01", "expiration_date": "2026-10-01", "container_size": "3.00", "container_count": 4, "initial_quantity": "12.00", "available_quantity": "12.00", "unit_price": null, "storage_location": "EAH1", "status": "NEAR_EXPIRATION", "can_be_retested": true, "is_archived": false}}, {"model": "core.greasebatch", "pk": 109, "fields": {"grease_type": 38, "batch_number": "20066", "manufacturing_date": "2021-08-24", "expiration_date": "2027-08-31", "container_size": "18.92", "container_count": 2, "initial_quantity": "37.84", "available_quantity": "37.84", "unit_price": null, "storage_location": "EAH1", "status": "SERVICEABLE", "can_be_retested": true, "is_archived": false}}, {"model": "core.greasebatch", "pk": 110, "fields": {"grease_type": 38, "batch_number": "---", "manufacturing_date": "2023-07-14", "expiration_date": "2026-07-01", "container_size": "19.46", "container_count": 3, "initial_quantity": "58.38", "available_quantity": "58.38", "unit_price": null, "storage_location": "EAH1", "status": "NEAR_EXPIRATION", "can_be_retested": true, "is_archived": false}}, {"model": "core.greasebatch", "pk": 111, "fields": {"grease_type": 38, "batch_number": "--", "manufacturing_date": "2023-04-01", "expiration_date": "2026-04-01", "container_size": "19.46", "container_count": 1, "initial_quantity": "19.46", "available_quantity": "19.46", "unit_price": null, "storage_location": "EAH1", "status": "EXPIRED", "can_be_retested": true, "is_archived": false}}, {"model": "core.greasebatch", "pk": 112, "fields": {"grease_type": 47, "batch_number": "38703U076", "manufacturing_date": "2022-07-01", "expiration_date": "2028-07-01", "container_size": "0.95", "container_count": 12, "initial_quantity": "11.40", "available_quantity": "11.40", "unit_price": null, "storage_location": "EA6E", "status": "SERVICEABLE", "can_be_retested": true, "is_archived": false}}, {"model": "core.greasebatch", "pk": 113, "fields": {"grease_type": 29, "batch_number": "00421532U04621", "manufacturing_date": "2021-04-01", "expiration_date": "2027-04-01", "container_size": "3.00", "container_count": 1, "initial_quantity": "3.00", "available_quantity": "3.00", "unit_price": null, "storage_location": "EA6E", "status": "SERVICEABLE", "can_be_retested": true, "is_archived": false}}, {"model": "core.greasebatch", "pk": 114, "fields": {"grease_type": 43, "batch_number": "00023517C49524", "manufacturing_date": "2023-02-01", "expiration_date": "2027-02-01", "container_size": "3.00", "container_count": 4, "initial_quantity": "12.00", "available_quantity": "12.00", "unit_price": null, "storage_location": "EA6E", "status": "SERVICEABLE", "can_be_retested": true, "is_archived": false}}, {"model": "core.greasebatch", "pk": 115, "fields": {"grease_type": 39, "batch_number": "1688153", "manufacturing_date": "2025-08-01", "expiration_date": "2027-08-01", "container_size": "0.95", "container_count": 4, "initial_quantity": "3.80", "available_quantity": "3.80", "unit_price": null, "storage_location": "EA6E", "status": "SERVICEABLE", "can_be_retested": true, "is_archived": false}}, {"model": "core.greasebatch", "pk": 116, "fields": {"grease_type": 33, "batch_number": "B-PR00283695", "manufacturing_date": "2025-05-01", "expiration_date": "2028-05-01", "container_size": "0.95", "container_count": 35, "initial_quantity": "33.25", "available_quantity": "33.25", "unit_price": null, "storage_location": "EA6E", "status": "SERVICEABLE", "can_be_retested": true, "is_archived": false}}, {"model": "core.greasebatch", "pk": 117, "fields": {"grease_type": 51, "batch_number": "1424021", "manufacturing_date": "2020-10-01", "expiration_date": "2028-03-01", "container_size": "0.50", "container_count": 3, "initial_quantity": "1.50", "available_quantity": "1.50", "unit_price": null, "storage_location": "EA6E", "status": "SERVICEABLE", "can_be_retested": true, "is_archived": false}}, {"model": "core.greasebatch", "pk": 118, "fields": {"grease_type": 25, "batch_number": "20839", "manufacturing_date": "2021-10-01", "expiration_date": "2027-10-01", "container_size": "0.95", "container_count": 29, "initial_quantity": "27.55", "available_quantity": "27.55", "unit_price": null, "storage_location": "EA1V", "status": "SERVICEABLE", "can_be_retested": true, "is_archived": false}}, {"model": "core.greasebatch", "pk": 119, "fields": {"grease_type": 28, "batch_number": "22551049530", "manufacturing_date": "2022-11-01", "expiration_date": "2026-11-01", "container_size": "17.00", "container_count": 1, "initial_quantity": "17.00", "available_quantity": "17.00", "unit_price": null, "storage_location": "EA1V", "status": "SERVICEABLE", "can_be_retested": true, "is_archived": false}}, {"model": "core.greasebatch", "pk": 120, "fields": {"grease_type": 28, "batch_number": "23523C49520", "manufacturing_date": "2023-03-01", "expiration_date": "2026-03-01", "container_size": "0.40", "container_count": 16, "initial_quantity": "6.40", "available_quantity": "6.40", "unit_price": null, "storage_location": "EA1V", "status": "EXPIRED", "can_be_retested": true, "is_archived": false}}, {"model": "core.greasebatch", "pk": 121, "fields": {"grease_type": 28, "batch_number": "419941U04612", "manufacturing_date": "2020-10-01", "expiration_date": "2026-10-01", "container_size": "3.00", "container_count": 2, "initial_quantity": "6.00", "available_quantity": "6.00", "unit_price": null, "storage_location": "EA1V", "status": "NEAR_EXPIRATION", "can_be_retested": true, "is_archived": false}}, {"model": "core.greasebatch", "pk": 122, "fields": {"grease_type": 33, "batch_number": "B-PRO00281081", "manufacturing_date": "2025-04-01", "expiration_date": "2028-04-01", "container_size": "0.95", "container_count": 26, "initial_quantity": "24.70", "available_quantity": "24.70", "unit_price": null, "storage_location": "EA1V", "status": "SERVICEABLE", "can_be_retested": true, "is_archived": false}}, {"model": "core.greasebatch", "pk": 123, "fields": {"grease_type": 33, "batch_number": "PR00254143", "manufacturing_date": "2023-12-01", "expiration_date": "2026-12-01", "container_size": "0.95", "container_count": 142, "initial_quantity": "134.90", "available_quantity": "134.90", "unit_price": null, "storage_location": "EA1V", "status": "SERVICEABLE", "can_be_retested": true, "is_archived": false}}, {"model": "core.greasebatch", "pk": 124, "fields": {"grease_type": 33, "batch_number": "B-PR00229102", "manufacturing_date": "2022-11-01", "expiration_date": "2026-11-01", "container_size": "3.78", "container_count": 1, "initial_quantity": "3.78", "available_quantity": "3.78", "unit_price": null, "storage_location": "EA1V", "status": "SERVICEABLE", "can_be_retested": true, "is_archived": false}}, {"model": "core.greasebatch", "pk": 125, "fields": {"grease_type": 34, "batch_number": "CO644", "manufacturing_date": "2023-07-01", "expiration_date": "2026-07-01", "container_size": "1.59", "container_count": 1, "initial_quantity": "1.59", "available_quantity": "1.59", "unit_price": null, "storage_location": "EA1V", "status": "NEAR_EXPIRATION", "can_be_retested": true, "is_archived": false}}, {"model": "core.greasebatch", "pk": 126, "fields": {"grease_type": 47, "batch_number": "216767", "manufacturing_date": "1931-01-01", "expiration_date": "1932-01-01", "container_size": "0.95", "container_count": 16, "initial_quantity": "15.20", "available_quantity": "15.20", "unit_price": null, "storage_location": "ESAN", "status": "PENDING_RETEST", "can_be_retested": true, "is_archived": false}}, {"model": "core.greasebatch", "pk": 127, "fields": {"grease_type": 47, "batch_number": "20839", "manufacturing_date": "2023-10-01", "expiration_date": "2026-10-01", "container_size": "0.95", "container_count": 24, "initial_quantity": "22.80", "available_quantity": "22.80", "unit_price": null, "storage_location": "ESAN", "status": "NEAR_EXPIRATION", "can_be_retested": true, "is_archived": false}}, {"model": "core.greasebatch", "pk": 128, "fields": {"grease_type": 27, "batch_number": "420381U04630", "manufacturing_date": "2020-11-01", "expiration_date": "2026-11-01", "container_size": "1.00", "container_count": 3, "initial_quantity": "3.00", "available_quantity": "3.00", "unit_price": null, "storage_location": "ESAN", "status": "SERVICEABLE", "can_be_retested": true, "is_archived": false}}, {"model": "core.greasebatch", "pk": 129, "fields": {"grease_type": 28, "batch_number": "419941U04612", "manufacturing_date": "2020-10-01", "expiration_date": "2026-10-01", "container_size": "3.00", "container_count": 4, "initial_quantity": "12.00", "available_quantity": "12.00", "unit_price": null, "storage_location": "ESAN", "status": "NEAR_EXPIRATION", "can_be_retested": true, "is_archived": false}}, {"model": "core.greasebatch", "pk": 130, "fields": {"grease_type": 29, "batch_number": "23520C49515", "manufacturing_date": "2023-03-01", "expiration_date": "2029-03-01", "container_size": "0.40", "container_count": 3, "initial_quantity": "1.20", "available_quantity": "1.20", "unit_price": null, "storage_location": "ESAN", "status": "SERVICEABLE", "can_be_retested": true, "is_archived": false}}, {"model": "core.greasebatch", "pk": 131, "fields": {"grease_type": 43, "batch_number": "23571C49530", "manufacturing_date": "2023-10-01", "expiration_date": "2029-10-01", "container_size": "3.00", "container_count": 4, "initial_quantity": "12.00", "available_quantity": "12.00", "unit_price": null, "storage_location": "ESAN", "status": "SERVICEABLE", "can_be_retested": true, "is_archived": false}}, {"model": "core.greasebatch", "pk": 132, "fields": {"grease_type": 43, "batch_number": "22547C49510", "manufacturing_date": "2022-11-01", "expiration_date": "2026-11-01", "container_size": "3.00", "container_count": 4, "initial_quantity": "12.00", "available_quantity": "12.00", "unit_price": null, "storage_location": "ESAN", "status": "SERVICEABLE", "can_be_retested": true, "is_archived": false}}, {"model": "core.greasebatch", "pk": 133, "fields": {"grease_type": 43, "batch_number": "10122B15A20406323T", "manufacturing_date": "2022-02-01", "expiration_date": "2028-02-01", "container_size": "2.00", "container_count": 3, "initial_quantity": "6.00", "available_quantity": "6.00", "unit_price": null, "storage_location": "ESAN", "status": "SERVICEABLE", "can_be_retested": true, "is_archived": false}}, {"model": "core.greasebatch", "pk": 134, "fields": {"grease_type": 33, "batch_number": "B-PR00281081", "manufacturing_date": "2025-04-01", "expiration_date": "2028-04-01", "container_size": "0.95", "container_count": 6, "initial_quantity": "5.70", "available_quantity": "5.70", "unit_price": null, "storage_location": "ESAN", "status": "SERVICEABLE", "can_be_retested": true, "is_archived": false}}, {"model": "core.greasebatch", "pk": 135, "fields": {"grease_type": 33, "batch_number": "B-201662", "manufacturing_date": "2021-11-01", "expiration_date": "2027-11-01", "container_size": "3.78", "container_count": 3, "initial_quantity": "11.34", "available_quantity": "11.34", "unit_price": null, "storage_location": "ESAN", "status": "SERVICEABLE", "can_be_retested": true, "is_archived": false}}, {"model": "core.greasebatch", "pk": 136, "fields": {"grease_type": 37, "batch_number": "21273", "manufacturing_date": "2024-07-03", "expiration_date": "2026-08-01", "container_size": "0.31", "container_count": 11, "initial_quantity": "3.41", "available_quantity": "3.41", "unit_price": null, "storage_location": "ESAN", "status": "NEAR_EXPIRATION", "can_be_retested": true, "is_archived": false}}, {"model": "core.greasebatch", "pk": 137, "fields": {"grease_type": 53, "batch_number": "C1117", "manufacturing_date": "2025-12-01", "expiration_date": "2026-12-01", "container_size": "0.45", "container_count": 17, "initial_quantity": "7.65", "available_quantity": "7.65", "unit_price": null, "storage_location": "ESAN", "status": "SERVICEABLE", "can_be_retested": true, "is_archived": false}}, {"model": "core.greasebatch", "pk": 138, "fields": {"grease_type": 54, "batch_number": "2020218823", "manufacturing_date": "2026-01-01", "expiration_date": "2026-01-01", "container_size": "0.45", "container_count": 1, "initial_quantity": "0.45", "available_quantity": "0.45", "unit_price": null, "storage_location": "ESAN", "status": "EXPIRED", "can_be_retested": true, "is_archived": false}}, {"model": "core.greasebatch", "pk": 139, "fields": {"grease_type": 60, "batch_number": "H100L7Q015", "manufacturing_date": "2021-07-26", "expiration_date": "2026-06-30", "container_size": "0.25", "container_count": 3, "initial_quantity": "0.75", "available_quantity": "0.75", "unit_price": null, "storage_location": "ESAN", "status": "NEAR_EXPIRATION", "can_be_retested": true, "is_archived": false}}, {"model": "core.greasebatch", "pk": 140, "fields": {"grease_type": 64, "batch_number": "146513", "manufacturing_date": "2024-05-23", "expiration_date": "2028-05-23", "container_size": "18.90", "container_count": 2, "initial_quantity": "37.80", "available_quantity": "37.80", "unit_price": null, "storage_location": "TVAZ", "status": "SERVICEABLE", "can_be_retested": true, "is_archived": false}}, {"model": "core.greasebatch", "pk": 141, "fields": {"grease_type": 64, "batch_number": "213373", "manufacturing_date": "2025-03-24", "expiration_date": "2029-03-24", "container_size": "18.90", "container_count": 8, "initial_quantity": "151.20", "available_quantity": "151.20", "unit_price": null, "storage_location": "TVAZ", "status": "SERVICEABLE", "can_be_retested": true, "is_archived": false}}, {"model": "core.greasebatch", "pk": 142, "fields": {"grease_type": 25, "batch_number": "38703U76", "manufacturing_date": "2022-07-01", "expiration_date": "2028-07-01", "container_size": "0.95", "container_count": 247, "initial_quantity": "234.65", "available_quantity": "234.65", "unit_price": null, "storage_location": "TVAZ", "status": "SERVICEABLE", "can_be_retested": true, "is_archived": false}}, {"model": "core.greasebatch", "pk": 143, "fields": {"grease_type": 25, "batch_number": "216767", "manufacturing_date": "2025-04-07", "expiration_date": "2031-04-07", "container_size": "0.95", "container_count": 223, "initial_quantity": "211.85", "available_quantity": "211.85", "unit_price": null, "storage_location": "TVAZ", "status": "SERVICEABLE", "can_be_retested": true, "is_archived": false}}, {"model": "core.greasebatch", "pk": 144, "fields": {"grease_type": 65, "batch_number": "23563C", "manufacturing_date": "2023-09-19", "expiration_date": "2029-09-19", "container_size": "3.00", "container_count": 4, "initial_quantity": "12.00", "available_quantity": "12.00", "unit_price": null, "storage_location": "TVAZ", "status": "SERVICEABLE", "can_be_retested": true, "is_archived": false}}, {"model": "core.stockmovement", "pk": 54, "fields": {"batch": 32, "movement_type": "INCOMING", "quantity_changed": "131.10", "movement_date": "2026-03-15T22:14:08.776Z", "user": 1, "reference": null, "reason": "Ingreso inicial al sistema"}}, {"model": "core.stockmovement", "pk": 56, "fields": {"batch": 34, "movement_type": "INCOMING", "quantity_changed": "29.76", "movement_date": "2026-03-15T22:16:35.886Z", "user": 1, "reference": null, "reason": "Ingreso inicial al sistema"}}, {"model": "core.stockmovement", "pk": 58, "fields": {"batch": 36, "movement_type": "INCOMING", "quantity_changed": "3.00", "movement_date": "2026-03-15T22:20:36.483Z", "user": 1, "reference": null, "reason": "Ingreso inicial al sistema"}}, {"model": "core.stockmovement", "pk": 60, "fields": {"batch": 38, "movement_type": "INCOMING", "quantity_changed": "4.40", "movement_date": "2026-03-15T22:23:12.382Z", "user": 1, "reference": null, "reason": "Ingreso inicial al sistema"}}, {"model": "core.stockmovement", "pk": 64, "fields": {"batch": 42, "movement_type": "INCOMING", "quantity_changed": "4.00", "movement_date": "2026-03-15T22:28:07.095Z", "user": 1, "reference": null, "reason": "Ingreso inicial al sistema"}}, {"model": "core.stockmovement", "pk": 65, "fields": {"batch": 43, "movement_type": "INCOMING", "quantity_changed": "6.00", "movement_date": "2026-03-15T22:29:08.683Z", "user": 1, "reference": null, "reason": "Ingreso inicial al sistema"}}, {"model": "core.stockmovement", "pk": 66, "fields": {"batch": 44, "movement_type": "INCOMING", "quantity_changed": "6.00", "movement_date": "2026-03-15T22:30:10.943Z", "user": 1, "reference": null, "reason": "Ingreso inicial al sistema"}}, {"model": "core.stockmovement", "pk": 70, "fields": {"batch": 48, "movement_type": "INCOMING", "quantity_changed": "7.60", "movement_date": "2026-03-15T22:34:08.448Z", "user": 1, "reference": null, "reason": "Ingreso inicial al sistema"}}, {"model": "core.stockmovement", "pk": 71, "fields": {"batch": 48, "movement_type": "RETEST", "quantity_changed": "0.00", "movement_date": "2026-03-15T22:34:23.662Z", "user": 1, "reference": null, "reason": "Casamata enviada a laboratorio para retesteo. Estado en espera de resultados."}}, {"model": "core.stockmovement", "pk": 72, "fields": {"batch": 48, "movement_type": "RETEST", "quantity_changed": "0.00", "movement_date": "2026-03-15T22:34:47.627Z", "user": 1, "reference": null, "reason": "Retesteo / Extensión de Vencimiento. Años Habilitados: 3.0 (36 meses). APTO"}}, {"model": "core.stockmovement", "pk": 73, "fields": {"batch": 49, "movement_type": "INCOMING", "quantity_changed": "2.00", "movement_date": "2026-03-15T22:45:56.235Z", "user": 1, "reference": null, "reason": "Ingreso inicial al sistema"}}, {"model": "core.stockmovement", "pk": 75, "fields": {"batch": 51, "movement_type": "INCOMING", "quantity_changed": "13.00", "movement_date": "2026-03-31T14:16:54.091Z", "user": 1, "reference": null, "reason": "Ingreso inicial al sistema"}}, {"model": "core.stockmovement", "pk": 76, "fields": {"batch": 52, "movement_type": "INCOMING", "quantity_changed": "27.00", "movement_date": "2026-03-31T14:17:54.764Z", "user": 1, "reference": null, "reason": "Ingreso inicial al sistema"}}, {"model": "core.stockmovement", "pk": 77, "fields": {"batch": 53, "movement_type": "INCOMING", "quantity_changed": "18.00", "movement_date": "2026-03-31T14:20:38.712Z", "user": 1, "reference": null, "reason": "Ingreso inicial al sistema"}}, {"model": "core.stockmovement", "pk": 78, "fields": {"batch": 54, "movement_type": "INCOMING", "quantity_changed": "4.00", "movement_date": "2026-03-31T14:23:21.146Z", "user": 1, "reference": null, "reason": "Ingreso inicial al sistema"}}, {"model": "core.stockmovement", "pk": 79, "fields": {"batch": 55, "movement_type": "INCOMING", "quantity_changed": "8.00", "movement_date": "2026-03-31T14:25:05.504Z", "user": 1, "reference": null, "reason": "Ingreso inicial al sistema"}}, {"model": "core.stockmovement", "pk": 80, "fields": {"batch": 56, "movement_type": "INCOMING", "quantity_changed": "16.00", "movement_date": "2026-03-31T14:29:11.283Z", "user": 1, "reference": null, "reason": "Ingreso inicial al sistema"}}, {"model": "core.stockmovement", "pk": 81, "fields": {"batch": 57, "movement_type": "INCOMING", "quantity_changed": "128.00", "movement_date": "2026-03-31T14:30:46.185Z", "user": 1, "reference": null, "reason": "Ingreso inicial al sistema"}}, {"model": "core.stockmovement", "pk": 82, "fields": {"batch": 58, "movement_type": "INCOMING", "quantity_changed": "6.00", "movement_date": "2026-03-31T14:34:32.473Z", "user": 1, "reference": null, "reason": "Ingreso inicial al sistema"}}, {"model": "core.stockmovement", "pk": 83, "fields": {"batch": 59, "movement_type": "INCOMING", "quantity_changed": "10.00", "movement_date": "2026-03-31T14:35:41.093Z", "user": 1, "reference": null, "reason": "Ingreso inicial al sistema"}}, {"model": "core.stockmovement", "pk": 84, "fields": {"batch": 60, "movement_type": "INCOMING", "quantity_changed": "96.00", "movement_date": "2026-03-31T14:37:14.349Z", "user": 1, "reference": null, "reason": "Ingreso inicial al sistema"}}, {"model": "core.stockmovement", "pk": 85, "fields": {"batch": 61, "movement_type": "INCOMING", "quantity_changed": "432.00", "movement_date": "2026-03-31T14:39:11.202Z", "user": 1, "reference": null, "reason": "Ingreso inicial al sistema"}}, {"model": "core.stockmovement", "pk": 86, "fields": {"batch": 62, "movement_type": "INCOMING", "quantity_changed": "3.00", "movement_date": "2026-03-31T14:40:41.055Z", "user": 1, "reference": null, "reason": "Ingreso inicial al sistema"}}, {"model": "core.stockmovement", "pk": 87, "fields": {"batch": 63, "movement_type": "INCOMING", "quantity_changed": "8.00", "movement_date": "2026-03-31T14:41:59.321Z", "user": 1, "reference": null, "reason": "Ingreso inicial al sistema"}}, {"model": "core.stockmovement", "pk": 88, "fields": {"batch": 64, "movement_type": "INCOMING", "quantity_changed": "6.00", "movement_date": "2026-03-31T14:44:18.251Z", "user": 1, "reference": null, "reason": "Ingreso inicial al sistema"}}, {"model": "core.stockmovement", "pk": 89, "fields": {"batch": 65, "movement_type": "INCOMING", "quantity_changed": "48.00", "movement_date": "2026-03-31T14:45:19.201Z", "user": 1, "reference": null, "reason": "Ingreso inicial al sistema"}}, {"model": "core.stockmovement", "pk": 90, "fields": {"batch": 66, "movement_type": "INCOMING", "quantity_changed": "264.00", "movement_date": "2026-03-31T14:46:12.766Z", "user": 1, "reference": null, "reason": "Ingreso inicial al sistema"}}, {"model": "core.stockmovement", "pk": 91, "fields": {"batch": 67, "movement_type": "INCOMING", "quantity_changed": "99.00", "movement_date": "2026-03-31T14:47:04.719Z", "user": 1, "reference": null, "reason": "Ingreso inicial al sistema"}}, {"model": "core.stockmovement", "pk": 92, "fields": {"batch": 68, "movement_type": "INCOMING", "quantity_changed": "18.00", "movement_date": "2026-03-31T14:48:05.397Z", "user": 1, "reference": null, "reason": "Ingreso inicial al sistema"}}, {"model": "core.stockmovement", "pk": 93, "fields": {"batch": 69, "movement_type": "INCOMING", "quantity_changed": "6.00", "movement_date": "2026-03-31T14:48:44.295Z", "user": 1, "reference": null, "reason": "Ingreso inicial al sistema"}}, {"model": "core.stockmovement", "pk": 94, "fields": {"batch": 70, "movement_type": "INCOMING", "quantity_changed": "8.00", "movement_date": "2026-03-31T14:50:09.529Z", "user": 1, "reference": null, "reason": "Ingreso inicial al sistema"}}, {"model": "core.stockmovement", "pk": 97, "fields": {"batch": 73, "movement_type": "INCOMING", "quantity_changed": "18.00", "movement_date": "2026-03-31T14:53:04.561Z", "user": 1, "reference": null, "reason": "Ingreso inicial al sistema"}}, {"model": "core.stockmovement", "pk": 98, "fields": {"batch": 74, "movement_type": "INCOMING", "quantity_changed": "6.00", "movement_date": "2026-03-31T14:53:58.967Z", "user": 1, "reference": null, "reason": "Ingreso inicial al sistema"}}, {"model": "core.stockmovement", "pk": 99, "fields": {"batch": 75, "movement_type": "INCOMING", "quantity_changed": "48.00", "movement_date": "2026-03-31T14:54:40.738Z", "user": 1, "reference": null, "reason": "Ingreso inicial al sistema"}}, {"model": "core.stockmovement", "pk": 100, "fields": {"batch": 76, "movement_type": "INCOMING", "quantity_changed": "156.00", "movement_date": "2026-03-31T14:57:01.282Z", "user": 1, "reference": null, "reason": "Ingreso inicial al sistema"}}, {"model": "core.stockmovement", "pk": 101, "fields": {"batch": 77, "movement_type": "INCOMING", "quantity_changed": "60.00", "movement_date": "2026-03-31T14:58:03.670Z", "user": 1, "reference": null, "reason": "Ingreso inicial al sistema"}}, {"model": "core.stockmovement", "pk": 102, "fields": {"batch": 78, "movement_type": "INCOMING", "quantity_changed": "12.00", "movement_date": "2026-03-31T15:00:39.946Z", "user": 1, "reference": null, "reason": "Ingreso inicial al sistema"}}, {"model": "core.stockmovement", "pk": 103, "fields": {"batch": 79, "movement_type": "INCOMING", "quantity_changed": "18.00", "movement_date": "2026-03-31T15:01:38.935Z", "user": 1, "reference": null, "reason": "Ingreso inicial al sistema"}}, {"model": "core.stockmovement", "pk": 104, "fields": {"batch": 80, "movement_type": "INCOMING", "quantity_changed": "144.00", "movement_date": "2026-03-31T15:02:57.535Z", "user": 1, "reference": null, "reason": "Ingreso inicial al sistema"}}, {"model": "core.stockmovement", "pk": 105, "fields": {"batch": 81, "movement_type": "INCOMING", "quantity_changed": "48.00", "movement_date": "2026-03-31T15:03:41.568Z", "user": 1, "reference": null, "reason": "Ingreso inicial al sistema"}}, {"model": "core.stockmovement", "pk": 106, "fields": {"batch": 82, "movement_type": "INCOMING", "quantity_changed": "48.00", "movement_date": "2026-03-31T15:04:37.671Z", "user": 1, "reference": null, "reason": "Ingreso inicial al sistema"}}, {"model": "core.stockmovement", "pk": 107, "fields": {"batch": 83, "movement_type": "INCOMING", "quantity_changed": "20.00", "movement_date": "2026-03-31T15:06:08.454Z", "user": 1, "reference": null, "reason": "Ingreso inicial al sistema"}}, {"model": "core.stockmovement", "pk": 108, "fields": {"batch": 84, "movement_type": "INCOMING", "quantity_changed": "205.00", "movement_date": "2026-03-31T15:07:12.560Z", "user": 1, "reference": null, "reason": "Ingreso inicial al sistema"}}, {"model": "core.stockmovement", "pk": 109, "fields": {"batch": 85, "movement_type": "INCOMING", "quantity_changed": "6.00", "movement_date": "2026-03-31T15:12:00.150Z", "user": 1, "reference": null, "reason": "Ingreso inicial al sistema"}}, {"model": "core.stockmovement", "pk": 110, "fields": {"batch": 86, "movement_type": "INCOMING", "quantity_changed": "6.60", "movement_date": "2026-03-31T15:13:19.909Z", "user": 1, "reference": null, "reason": "Ingreso inicial al sistema"}}, {"model": "core.stockmovement", "pk": 111, "fields": {"batch": 87, "movement_type": "INCOMING", "quantity_changed": "4.75", "movement_date": "2026-03-31T15:14:21.719Z", "user": 1, "reference": null, "reason": "Ingreso inicial al sistema"}}, {"model": "core.stockmovement", "pk": 112, "fields": {"batch": 88, "movement_type": "INCOMING", "quantity_changed": "26.60", "movement_date": "2026-03-31T15:15:40.583Z", "user": 1, "reference": null, "reason": "Ingreso inicial al sistema"}}, {"model": "core.stockmovement", "pk": 113, "fields": {"batch": 89, "movement_type": "INCOMING", "quantity_changed": "18.00", "movement_date": "2026-03-31T15:16:36.877Z", "user": 1, "reference": null, "reason": "Ingreso inicial al sistema"}}, {"model": "core.stockmovement", "pk": 114, "fields": {"batch": 90, "movement_type": "INCOMING", "quantity_changed": "9.00", "movement_date": "2026-03-31T15:18:11.571Z", "user": 1, "reference": null, "reason": "Ingreso inicial al sistema"}}, {"model": "core.stockmovement", "pk": 115, "fields": {"batch": 91, "movement_type": "INCOMING", "quantity_changed": "53.20", "movement_date": "2026-03-31T15:21:24.837Z", "user": 1, "reference": null, "reason": "Ingreso inicial al sistema"}}, {"model": "core.stockmovement", "pk": 116, "fields": {"batch": 92, "movement_type": "INCOMING", "quantity_changed": "37.80", "movement_date": "2026-03-31T15:22:47.867Z", "user": 1, "reference": null, "reason": "Ingreso inicial al sistema"}}, {"model": "core.stockmovement", "pk": 117, "fields": {"batch": 93, "movement_type": "INCOMING", "quantity_changed": "77.20", "movement_date": "2026-03-31T15:25:07.714Z", "user": 1, "reference": null, "reason": "Ingreso inicial al sistema"}}, {"model": "core.stockmovement", "pk": 118, "fields": {"batch": 94, "movement_type": "INCOMING", "quantity_changed": "106.00", "movement_date": "2026-03-31T15:26:22.279Z", "user": 1, "reference": null, "reason": "Ingreso inicial al sistema"}}, {"model": "core.stockmovement", "pk": 119, "fields": {"batch": 95, "movement_type": "INCOMING", "quantity_changed": "6.80", "movement_date": "2026-03-31T15:27:48.561Z", "user": 1, "reference": null, "reason": "Ingreso inicial al sistema"}}, {"model": "core.stockmovement", "pk": 120, "fields": {"batch": 96, "movement_type": "INCOMING", "quantity_changed": "25.00", "movement_date": "2026-03-31T15:28:38.802Z", "user": 1, "reference": null, "reason": "Ingreso inicial al sistema"}}, {"model": "core.stockmovement", "pk": 121, "fields": {"batch": 97, "movement_type": "INCOMING", "quantity_changed": "7.20", "movement_date": "2026-03-31T15:31:36.528Z", "user": 1, "reference": null, "reason": "Ingreso inicial al sistema"}}, {"model": "core.stockmovement", "pk": 122, "fields": {"batch": 98, "movement_type": "INCOMING", "quantity_changed": "9.00", "movement_date": "2026-03-31T15:32:45.996Z", "user": 1, "reference": null, "reason": "Ingreso inicial al sistema"}}, {"model": "core.stockmovement", "pk": 123, "fields": {"batch": 99, "movement_type": "INCOMING", "quantity_changed": "9.00", "movement_date": "2026-03-31T15:33:55.916Z", "user": 1, "reference": null, "reason": "Ingreso inicial al sistema"}}, {"model": "core.stockmovement", "pk": 124, "fields": {"batch": 100, "movement_type": "INCOMING", "quantity_changed": "6.00", "movement_date": "2026-03-31T15:34:43.039Z", "user": 1, "reference": null, "reason": "Ingreso inicial al sistema"}}, {"model": "core.stockmovement", "pk": 125, "fields": {"batch": 101, "movement_type": "INCOMING", "quantity_changed": "33.00", "movement_date": "2026-03-31T15:47:29.293Z", "user": 1, "reference": null, "reason": "Ingreso inicial al sistema"}}, {"model": "core.stockmovement", "pk": 126, "fields": {"batch": 102, "movement_type": "INCOMING", "quantity_changed": "388.55", "movement_date": "2026-03-31T15:55:30.266Z", "user": 1, "reference": null, "reason": "Ingreso inicial al sistema"}}, {"model": "core.stockmovement", "pk": 127, "fields": {"batch": 103, "movement_type": "INCOMING", "quantity_changed": "73.50", "movement_date": "2026-03-31T15:56:52.206Z", "user": 1, "reference": null, "reason": "Ingreso inicial al sistema"}}, {"model": "core.stockmovement", "pk": 128, "fields": {"batch": 104, "movement_type": "INCOMING", "quantity_changed": "40.00", "movement_date": "2026-03-31T15:57:54.810Z", "user": 1, "reference": null, "reason": "Ingreso inicial al sistema"}}, {"model": "core.stockmovement", "pk": 129, "fields": {"batch": 105, "movement_type": "INCOMING", "quantity_changed": "6.00", "movement_date": "2026-03-31T15:59:23.074Z", "user": 1, "reference": null, "reason": "Ingreso inicial al sistema"}}, {"model": "core.stockmovement", "pk": 130, "fields": {"batch": 106, "movement_type": "INCOMING", "quantity_changed": "3.00", "movement_date": "2026-03-31T16:00:14.636Z", "user": 1, "reference": null, "reason": "Ingreso inicial al sistema"}}, {"model": "core.stockmovement", "pk": 131, "fields": {"batch": 107, "movement_type": "INCOMING", "quantity_changed": "3.00", "movement_date": "2026-03-31T16:01:45.688Z", "user": 1, "reference": null, "reason": "Ingreso inicial al sistema"}}, {"model": "core.stockmovement", "pk": 132, "fields": {"batch": 108, "movement_type": "INCOMING", "quantity_changed": "12.00", "movement_date": "2026-03-31T16:02:33.659Z", "user": 1, "reference": null, "reason": "Ingreso inicial al sistema"}}, {"model": "core.stockmovement", "pk": 133, "fields": {"batch": 109, "movement_type": "INCOMING", "quantity_changed": "37.84", "movement_date": "2026-03-31T16:03:53.715Z", "user": 1, "reference": null, "reason": "Ingreso inicial al sistema"}}, {"model": "core.stockmovement", "pk": 134, "fields": {"batch": 110, "movement_type": "INCOMING", "quantity_changed": "58.38", "movement_date": "2026-03-31T16:04:40.659Z", "user": 1, "reference": null, "reason": "Ingreso inicial al sistema"}}, {"model": "core.stockmovement", "pk": 135, "fields": {"batch": 111, "movement_type": "INCOMING", "quantity_changed": "19.46", "movement_date": "2026-03-31T16:05:42.649Z", "user": 1, "reference": null, "reason": "Ingreso inicial al sistema"}}, {"model": "core.stockmovement", "pk": 136, "fields": {"batch": 112, "movement_type": "INCOMING", "quantity_changed": "11.40", "movement_date": "2026-03-31T16:08:59.166Z", "user": 1, "reference": null, "reason": "Ingreso inicial al sistema"}}, {"model": "core.stockmovement", "pk": 137, "fields": {"batch": 113, "movement_type": "INCOMING", "quantity_changed": "3.00", "movement_date": "2026-03-31T16:11:26.183Z", "user": 1, "reference": null, "reason": "Ingreso inicial al sistema"}}, {"model": "core.stockmovement", "pk": 138, "fields": {"batch": 114, "movement_type": "INCOMING", "quantity_changed": "12.00", "movement_date": "2026-03-31T16:13:21.790Z", "user": 1, "reference": null, "reason": "Ingreso inicial al sistema"}}, {"model": "core.stockmovement", "pk": 139, "fields": {"batch": 115, "movement_type": "INCOMING", "quantity_changed": "3.80", "movement_date": "2026-03-31T16:20:38.758Z", "user": 1, "reference": null, "reason": "Ingreso inicial al sistema"}}, {"model": "core.stockmovement", "pk": 140, "fields": {"batch": 116, "movement_type": "INCOMING", "quantity_changed": "33.25", "movement_date": "2026-03-31T16:22:56.281Z", "user": 1, "reference": null, "reason": "Ingreso inicial al sistema"}}, {"model": "core.stockmovement", "pk": 141, "fields": {"batch": 117, "movement_type": "INCOMING", "quantity_changed": "1.50", "movement_date": "2026-03-31T16:25:31.049Z", "user": 1, "reference": null, "reason": "Ingreso inicial al sistema"}}, {"model": "core.stockmovement", "pk": 142, "fields": {"batch": 118, "movement_type": "INCOMING", "quantity_changed": "27.55", "movement_date": "2026-03-31T16:29:08.096Z", "user": 1, "reference": null, "reason": "Ingreso inicial al sistema"}}, {"model": "core.stockmovement", "pk": 143, "fields": {"batch": 119, "movement_type": "INCOMING", "quantity_changed": "17.00", "movement_date": "2026-03-31T17:13:18.718Z", "user": 1, "reference": null, "reason": "Ingreso inicial al sistema"}}, {"model": "core.stockmovement", "pk": 144, "fields": {"batch": 120, "movement_type": "INCOMING", "quantity_changed": "6.40", "movement_date": "2026-03-31T17:16:09.345Z", "user": 1, "reference": null, "reason": "Ingreso inicial al sistema"}}, {"model": "core.stockmovement", "pk": 145, "fields": {"batch": 121, "movement_type": "INCOMING", "quantity_changed": "6.00", "movement_date": "2026-03-31T18:05:02.094Z", "user": 1, "reference": null, "reason": "Ingreso inicial al sistema"}}, {"model": "core.stockmovement", "pk": 146, "fields": {"batch": 122, "movement_type": "INCOMING", "quantity_changed": "24.70", "movement_date": "2026-03-31T18:08:47.275Z", "user": 1, "reference": null, "reason": "Ingreso inicial al sistema"}}, {"model": "core.stockmovement", "pk": 147, "fields": {"batch": 123, "movement_type": "INCOMING", "quantity_changed": "134.90", "movement_date": "2026-03-31T18:09:58.012Z", "user": 1, "reference": null, "reason": "Ingreso inicial al sistema"}}, {"model": "core.stockmovement", "pk": 148, "fields": {"batch": 124, "movement_type": "INCOMING", "quantity_changed": "3.78", "movement_date": "2026-03-31T18:10:59.295Z", "user": 1, "reference": null, "reason": "Ingreso inicial al sistema"}}, {"model": "core.stockmovement", "pk": 149, "fields": {"batch": 125, "movement_type": "INCOMING", "quantity_changed": "1.59", "movement_date": "2026-03-31T18:13:08.214Z", "user": 1, "reference": null, "reason": "Ingreso inicial al sistema"}}, {"model": "core.stockmovement", "pk": 150, "fields": {"batch": 126, "movement_type": "INCOMING", "quantity_changed": "15.20", "movement_date": "2026-03-31T18:16:02.648Z", "user": 1, "reference": null, "reason": "Ingreso inicial al sistema"}}, {"model": "core.stockmovement", "pk": 151, "fields": {"batch": 127, "movement_type": "INCOMING", "quantity_changed": "22.80", "movement_date": "2026-03-31T18:16:42.001Z", "user": 1, "reference": null, "reason": "Ingreso inicial al sistema"}}, {"model": "core.stockmovement", "pk": 152, "fields": {"batch": 128, "movement_type": "INCOMING", "quantity_changed": "3.00", "movement_date": "2026-03-31T18:17:36.106Z", "user": 1, "reference": null, "reason": "Ingreso inicial al sistema"}}, {"model": "core.stockmovement", "pk": 153, "fields": {"batch": 129, "movement_type": "INCOMING", "quantity_changed": "12.00", "movement_date": "2026-03-31T18:21:48.872Z", "user": 1, "reference": null, "reason": "Ingreso inicial al sistema"}}, {"model": "core.stockmovement", "pk": 154, "fields": {"batch": 130, "movement_type": "INCOMING", "quantity_changed": "1.20", "movement_date": "2026-03-31T18:23:12.150Z", "user": 1, "reference": null, "reason": "Ingreso inicial al sistema"}}, {"model": "core.stockmovement", "pk": 155, "fields": {"batch": 131, "movement_type": "INCOMING", "quantity_changed": "12.00", "movement_date": "2026-03-31T18:24:33.916Z", "user": 1, "reference": null, "reason": "Ingreso inicial al sistema"}}, {"model": "core.stockmovement", "pk": 156, "fields": {"batch": 132, "movement_type": "INCOMING", "quantity_changed": "12.00", "movement_date": "2026-03-31T18:25:21.310Z", "user": 1, "reference": null, "reason": "Ingreso inicial al sistema"}}, {"model": "core.stockmovement", "pk": 157, "fields": {"batch": 133, "movement_type": "INCOMING", "quantity_changed": "6.00", "movement_date": "2026-03-31T18:26:01.465Z", "user": 1, "reference": null, "reason": "Ingreso inicial al sistema"}}, {"model": "core.stockmovement", "pk": 158, "fields": {"batch": 134, "movement_type": "INCOMING", "quantity_changed": "5.70", "movement_date": "2026-03-31T18:26:47.406Z", "user": 1, "reference": null, "reason": "Ingreso inicial al sistema"}}, {"model": "core.stockmovement", "pk": 159, "fields": {"batch": 135, "movement_type": "INCOMING", "quantity_changed": "11.34", "movement_date": "2026-03-31T18:28:43.514Z", "user": 1, "reference": null, "reason": "Ingreso inicial al sistema"}}, {"model": "core.stockmovement", "pk": 160, "fields": {"batch": 136, "movement_type": "INCOMING", "quantity_changed": "3.41", "movement_date": "2026-03-31T18:30:04.103Z", "user": 1, "reference": null, "reason": "Ingreso inicial al sistema"}}, {"model": "core.stockmovement", "pk": 161, "fields": {"batch": 137, "movement_type": "INCOMING", "quantity_changed": "7.65", "movement_date": "2026-03-31T18:32:01.015Z", "user": 1, "reference": null, "reason": "Ingreso inicial al sistema"}}, {"model": "core.stockmovement", "pk": 162, "fields": {"batch": 138, "movement_type": "INCOMING", "quantity_changed": "0.45", "movement_date": "2026-03-31T18:33:10.848Z", "user": 1, "reference": null, "reason": "Ingreso inicial al sistema"}}, {"model": "core.stockmovement", "pk": 163, "fields": {"batch": 139, "movement_type": "INCOMING", "quantity_changed": "0.75", "movement_date": "2026-03-31T18:34:11.996Z", "user": 1, "reference": null, "reason": "Ingreso inicial al sistema"}}, {"model": "core.stockmovement", "pk": 164, "fields": {"batch": 140, "movement_type": "INCOMING", "quantity_changed": "37.80", "movement_date": "2026-03-31T18:38:37.377Z", "user": 1, "reference": null, "reason": "Ingreso inicial al sistema"}}, {"model": "core.stockmovement", "pk": 165, "fields": {"batch": 141, "movement_type": "INCOMING", "quantity_changed": "151.20", "movement_date": "2026-03-31T18:40:24.802Z", "user": 1, "reference": null, "reason": "Ingreso inicial al sistema"}}, {"model": "core.stockmovement", "pk": 166, "fields": {"batch": 142, "movement_type": "INCOMING", "quantity_changed": "234.65", "movement_date": "2026-03-31T18:41:23.109Z", "user": 1, "reference": null, "reason": "Ingreso inicial al sistema"}}, {"model": "core.stockmovement", "pk": 167, "fields": {"batch": 143, "movement_type": "INCOMING", "quantity_changed": "211.85", "movement_date": "2026-03-31T18:42:10.379Z", "user": 1, "reference": null, "reason": "Ingreso inicial al sistema"}}, {"model": "core.stockmovement", "pk": 168, "fields": {"batch": 144, "movement_type": "INCOMING", "quantity_changed": "12.00", "movement_date": "2026-03-31T18:48:18.897Z", "user": 1, "reference": null, "reason": "Ingreso inicial al sistema"}}, {"model": "core.stockmovement", "pk": 169, "fields": {"batch": 126, "movement_type": "RETEST", "quantity_changed": "0.00", "movement_date": "2026-04-01T15:35:16.852Z", "user": 1, "reference": null, "reason": "Casamata enviada a laboratorio para retesteo. Estado en espera de resultados."}}, {"model": "core.procurementrequirement", "pk": 5, "fields": {"grease_type": 26, "requested_quantity": "10.00", "request_date": "2026-04-01T15:31:58.917Z", "requested_by": 1, "status": "PENDING", "notes": null}}, {"model": "sigera.clothingtype", "pk": 1, "fields": {"name": "CAMPERA DE VUELO", "description": "CAMPERA DE VUELO DE CUERO TIPO AVIADOR NAVAL", "nato_stock_number": "6546546", "shelf_life_months": 180, "must_be_returned": true}}, {"model": "sigera.clothingtype", "pk": 2, "fields": {"name": "BOTAS DE VUELO", "description": "", "nato_stock_number": "1313", "shelf_life_months": 60, "must_be_returned": true}}, {"model": "sigera.clothingtype", "pk": 3, "fields": {"name": "OVEROL AMERICANO", "description": "", "nato_stock_number": null, "shelf_life_months": 24, "must_be_returned": false}}, {"model": "sigera.clothingtype", "pk": 4, "fields": {"name": "OVEROL NACIONAL", "description": "", "nato_stock_number": null, "shelf_life_months": 24, "must_be_returned": false}}, {"model": "sigera.clothingsize", "pk": 1, "fields": {"clothing_type": 1, "size": "M"}}, {"model": "sigera.clothingsize", "pk": 2, "fields": {"clothing_type": 1, "size": "L"}}, {"model": "sigera.clothingsize", "pk": 3, "fields": {"clothing_type": 1, "size": "42"}}, {"model": "sigera.clothingsize", "pk": 4, "fields": {"clothing_type": 2, "size": "39"}}, {"model": "sigera.clothingsize", "pk": 5, "fields": {"clothing_type": 2, "size": "40"}}, {"model": "sigera.clothingsize", "pk": 6, "fields": {"clothing_type": 3, "size": "38-S"}}, {"model": "sigera.clothingsize", "pk": 7, "fields": {"clothing_type": 3, "size": "38-R"}}, {"model": "sigera.clothingsize", "pk": 8, "fields": {"clothing_type": 3, "size": "38-L"}}, {"model": "sigera.clothingsize", "pk": 9, "fields": {"clothing_type": 3, "size": "39-S"}}, {"model": "sigera.clothingsize", "pk": 10, "fields": {"clothing_type": 3, "size": "39-R"}}, {"model": "sigera.clothingsize", "pk": 11, "fields": {"clothing_type": 3, "size": "39-L"}}, {"model": "sigera.clothingsize", "pk": 12, "fields": {"clothing_type": 3, "size": "40-S"}}, {"model": "sigera.clothingsize", "pk": 13, "fields": {"clothing_type": 3, "size": "40-R"}}, {"model": "sigera.clothingsize", "pk": 14, "fields": {"clothing_type": 3, "size": "40-L"}}, {"model": "sigera.clothingsize", "pk": 15, "fields": {"clothing_type": 3, "size": "41-S"}}, {"model": "sigera.clothingsize", "pk": 16, "fields": {"clothing_type": 3, "size": "41-R"}}, {"model": "sigera.clothingsize", "pk": 17, "fields": {"clothing_type": 3, "size": "41-L"}}, {"model": "sigera.clothingsize", "pk": 18, "fields": {"clothing_type": 3, "size": "42-S"}}, {"model": "sigera.clothingsize", "pk": 19, "fields": {"clothing_type": 3, "size": "42-R"}}, {"model": "sigera.clothingsize", "pk": 20, "fields": {"clothing_type": 3, "size": "42-L"}}, {"model": "sigera.clothingsize", "pk": 21, "fields": {"clothing_type": 3, "size": "43-S"}}, {"model": "sigera.clothingsize", "pk": 22, "fields": {"clothing_type": 3, "size": "43-R"}}, {"model": "sigera.clothingsize", "pk": 23, "fields": {"clothing_type": 3, "size": "43-L"}}, {"model": "sigera.clothingsize", "pk": 24, "fields": {"clothing_type": 3, "size": "44-S"}}, {"model": "sigera.clothingbatch", "pk": 1, "fields": {"clothing_size": 4, "reception_date": "2026-04-05", "initial_quantity": 20, "available_quantity": 20, "provider": "RADIMEC", "purchase_order": "023", "unit_price": "130.00"}}, {"model": "sigera.clothingbatch", "pk": 2, "fields": {"clothing_size": 5, "reception_date": "2026-04-04", "initial_quantity": 15, "available_quantity": 15, "provider": "RADIMEC", "purchase_order": "03122", "unit_price": "130.00"}}, {"model": "sigera.clothingbatch", "pk": 3, "fields": {"clothing_size": 1, "reception_date": "2025-01-23", "initial_quantity": 15, "available_quantity": 15, "provider": "RADIMEC", "purchase_order": "0233", "unit_price": "147.00"}}, {"model": "sigera.clothingbatch", "pk": 4, "fields": {"clothing_size": 4, "reception_date": "2025-09-22", "initial_quantity": 10, "available_quantity": 10, "provider": "PARDO", "purchase_order": "25663", "unit_price": "15.00"}}, {"model": "sigera.clothingbatch", "pk": 5, "fields": {"clothing_size": 4, "reception_date": "2026-01-01", "initial_quantity": 7, "available_quantity": 7, "provider": "RADIMEC", "purchase_order": "6656", "unit_price": "25.00"}}, {"model": "sigera.clothingbatch", "pk": 6, "fields": {"clothing_size": 4, "reception_date": "2026-04-06", "initial_quantity": 10, "available_quantity": 8, "provider": "PROVEEDOR DE PRUEBA", "purchase_order": "PO-001", "unit_price": null}}, {"model": "sigera.clothingbatch", "pk": 7, "fields": {"clothing_size": 19, "reception_date": "2026-04-08", "initial_quantity": 10, "available_quantity": 9, "provider": "RADIMEC", "purchase_order": "654654", "unit_price": "150.00"}}, {"model": "sigera.personnel", "pk": 1, "fields": {"first_name": "MARCOS ESTEBAN", "last_name": "LOPEZ", "dni": "014474-0", "rank": "CAPITAN_FRAGATA", "assigned_unit": null}}, {"model": "sigera.personnel", "pk": 2, "fields": {"first_name": "ALEJANDRO", "last_name": "PEREZ", "dni": "024974-5", "rank": "CAPITAN_CORBETA", "assigned_unit": null}}, {"model": "sigera.personnel", "pk": 3, "fields": {"first_name": "VICTOR FERNANDO", "last_name": "QUIROGA", "dni": "015458", "rank": "CAPITAN_FRAGATA", "assigned_unit": null}}, {"model": "sigera.clothingassignment", "pk": 1, "fields": {"personnel": 1, "batch": 2, "assigned_date": "2026-04-06", "quantity": 1, "notes": "", "returned": true, "return_date": "2026-04-08", "issued_by": 1}}, {"model": "sigera.clothingassignment", "pk": 2, "fields": {"personnel": 1, "batch": 3, "assigned_date": "2026-04-06", "quantity": 1, "notes": "", "returned": true, "return_date": "2026-04-08", "issued_by": 1}}, {"model": "sigera.clothingassignment", "pk": 3, "fields": {"personnel": 2, "batch": 7, "assigned_date": "2026-04-08", "quantity": 1, "notes": "", "returned": true, "return_date": "2026-04-08", "issued_by": 1}}, {"model": "sigera.clothingassignment", "pk": 4, "fields": {"personnel": 1, "batch": 7, "assigned_date": "2026-04-08", "quantity": 1, "notes": "", "returned": false, "return_date": null, "issued_by": 1}}, {"model": "sigera.stockthreshold", "pk": 1, "fields": {"name": "SIN STOCK", "min_quantity": 0, "max_quantity": 0, "color": "danger", "icon": "fa-circle-xmark", "order": 1}}, {"model": "sigera.stockthreshold", "pk": 2, "fields": {"name": "CRÍTICO", "min_quantity": 1, "max_quantity": 10, "color": "warning", "icon": "fa-triangle-exclamation", "order": 2}}, {"model": "sigera.stockthreshold", "pk": 3, "fields": {"name": "OK", "min_quantity": 11, "max_quantity": null, "color": "success", "icon": "fa-circle-info", "order": 3}}]
